relative_path,depth,type,name,extension,size_bytes
2. Page 5,1,directory,2. Page 5,,
Pages 1 and 2,1,directory,Pages 1 and 2,,
Pages 3 and 4,1,directory,Pages 3 and 4,,
2. Page 5\Document_1,2,directory,Document_1,,
2. Page 5\Document_10,2,directory,Document_10,,
2. Page 5\Document_11,2,directory,Document_11,,
2. Page 5\Document_12,2,directory,Document_12,,
2. Page 5\Document_13,2,directory,Document_13,,
2. Page 5\Document_14,2,directory,Document_14,,
2. Page 5\Document_15,2,directory,Document_15,,
2. Page 5\Document_16,2,directory,Document_16,,
2. Page 5\Document_17,2,directory,Document_17,,
2. Page 5\Document_18,2,directory,Document_18,,
2. Page 5\Document_19,2,directory,Document_19,,
2. Page 5\Document_2,2,directory,Document_2,,
2. Page 5\Document_20,2,directory,Document_20,,
2. Page 5\Document_21,2,directory,Document_21,,
2. Page 5\Document_22,2,directory,Document_22,,
2. Page 5\Document_23,2,directory,Document_23,,
2. Page 5\Document_24,2,directory,Document_24,,
2. Page 5\Document_25,2,directory,Document_25,,
2. Page 5\Document_26,2,directory,Document_26,,
2. Page 5\Document_27,2,directory,Document_27,,
2. Page 5\Document_28,2,directory,Document_28,,
2. Page 5\Document_29,2,directory,Document_29,,
2. Page 5\Document_3,2,directory,Document_3,,
2. Page 5\Document_30,2,directory,Document_30,,
2. Page 5\Document_31,2,directory,Document_31,,
2. Page 5\Document_32,2,directory,Document_32,,
2. Page 5\Document_33,2,directory,Document_33,,
2. Page 5\Document_34,2,directory,Document_34,,
2. Page 5\Document_35,2,directory,Document_35,,
2. Page 5\Document_36,2,directory,Document_36,,
2. Page 5\Document_37,2,directory,Document_37,,
2. Page 5\Document_38,2,directory,Document_38,,
2. Page 5\Document_39,2,directory,Document_39,,
2. Page 5\Document_4,2,directory,Document_4,,
2. Page 5\Document_40,2,directory,Document_40,,
2. Page 5\Document_41,2,directory,Document_41,,
2. Page 5\Document_42,2,directory,Document_42,,
2. Page 5\Document_43,2,directory,Document_43,,
2. Page 5\Document_44,2,directory,Document_44,,
2. Page 5\Document_45,2,directory,Document_45,,
2. Page 5\Document_46,2,directory,Document_46,,
2. Page 5\Document_47,2,directory,Document_47,,
2. Page 5\Document_48,2,directory,Document_48,,
2. Page 5\Document_49,2,directory,Document_49,,
2. Page 5\Document_5,2,directory,Document_5,,
2. Page 5\Document_50,2,directory,Document_50,,
2. Page 5\Document_51,2,directory,Document_51,,
2. Page 5\Document_52,2,directory,Document_52,,
2. Page 5\Document_53,2,directory,Document_53,,
2. Page 5\Document_54,2,directory,Document_54,,
2. Page 5\Document_6,2,directory,Document_6,,
2. Page 5\Document_7,2,directory,Document_7,,
2. Page 5\Document_8,2,directory,Document_8,,
2. Page 5\Document_9,2,directory,Document_9,,
Pages 1 and 2\Document_1,2,directory,Document_1,,
Pages 1 and 2\Document_10,2,directory,Document_10,,
Pages 1 and 2\Document_11,2,directory,Document_11,,
Pages 1 and 2\Document_12,2,directory,Document_12,,
Pages 1 and 2\Document_13,2,directory,Document_13,,
Pages 1 and 2\Document_14,2,directory,Document_14,,
Pages 1 and 2\Document_15,2,directory,Document_15,,
Pages 1 and 2\Document_16,2,directory,Document_16,,
Pages 1 and 2\Document_17,2,directory,Document_17,,
Pages 1 and 2\Document_18,2,directory,Document_18,,
Pages 1 and 2\Document_19,2,directory,Document_19,,
Pages 1 and 2\Document_2,2,directory,Document_2,,
Pages 1 and 2\Document_20,2,directory,Document_20,,
Pages 1 and 2\Document_21,2,directory,Document_21,,
Pages 1 and 2\Document_22,2,directory,Document_22,,
Pages 1 and 2\Document_23,2,directory,Document_23,,
Pages 1 and 2\Document_24,2,directory,Document_24,,
Pages 1 and 2\Document_25,2,directory,Document_25,,
Pages 1 and 2\Document_26,2,directory,Document_26,,
Pages 1 and 2\Document_27,2,directory,Document_27,,
Pages 1 and 2\Document_28,2,directory,Document_28,,
Pages 1 and 2\Document_29,2,directory,Document_29,,
Pages 1 and 2\Document_3,2,directory,Document_3,,
Pages 1 and 2\Document_30,2,directory,Document_30,,
Pages 1 and 2\Document_31,2,directory,Document_31,,
Pages 1 and 2\Document_32,2,directory,Document_32,,
Pages 1 and 2\Document_33,2,directory,Document_33,,
Pages 1 and 2\Document_34,2,directory,Document_34,,
Pages 1 and 2\Document_35,2,directory,Document_35,,
Pages 1 and 2\Document_36,2,directory,Document_36,,
Pages 1 and 2\Document_37,2,directory,Document_37,,
Pages 1 and 2\Document_38,2,directory,Document_38,,
Pages 1 and 2\Document_39,2,directory,Document_39,,
Pages 1 and 2\Document_4,2,directory,Document_4,,
Pages 1 and 2\Document_40,2,directory,Document_40,,
Pages 1 and 2\Document_41,2,directory,Document_41,,
Pages 1 and 2\Document_42,2,directory,Document_42,,
Pages 1 and 2\Document_43,2,directory,Document_43,,
Pages 1 and 2\Document_44,2,directory,Document_44,,
Pages 1 and 2\Document_45,2,directory,Document_45,,
Pages 1 and 2\Document_46,2,directory,Document_46,,
Pages 1 and 2\Document_47,2,directory,Document_47,,
Pages 1 and 2\Document_48,2,directory,Document_48,,
Pages 1 and 2\Document_49,2,directory,Document_49,,
Pages 1 and 2\Document_5,2,directory,Document_5,,
Pages 1 and 2\Document_50,2,directory,Document_50,,
Pages 1 and 2\Document_51,2,directory,Document_51,,
Pages 1 and 2\Document_52,2,directory,Document_52,,
Pages 1 and 2\Document_53,2,directory,Document_53,,
Pages 1 and 2\Document_54,2,directory,Document_54,,
Pages 1 and 2\Document_6,2,directory,Document_6,,
Pages 1 and 2\Document_7,2,directory,Document_7,,
Pages 1 and 2\Document_8,2,directory,Document_8,,
Pages 1 and 2\Document_9,2,directory,Document_9,,
Pages 3 and 4\Document_1,2,directory,Document_1,,
Pages 3 and 4\Document_10,2,directory,Document_10,,
Pages 3 and 4\Document_11,2,directory,Document_11,,
Pages 3 and 4\Document_12,2,directory,Document_12,,
Pages 3 and 4\Document_13,2,directory,Document_13,,
Pages 3 and 4\Document_14,2,directory,Document_14,,
Pages 3 and 4\Document_15,2,directory,Document_15,,
Pages 3 and 4\Document_16,2,directory,Document_16,,
Pages 3 and 4\Document_17,2,directory,Document_17,,
Pages 3 and 4\Document_18,2,directory,Document_18,,
Pages 3 and 4\Document_19,2,directory,Document_19,,
Pages 3 and 4\Document_2,2,directory,Document_2,,
Pages 3 and 4\Document_20,2,directory,Document_20,,
Pages 3 and 4\Document_21,2,directory,Document_21,,
Pages 3 and 4\Document_22,2,directory,Document_22,,
Pages 3 and 4\Document_23,2,directory,Document_23,,
Pages 3 and 4\Document_24,2,directory,Document_24,,
Pages 3 and 4\Document_25,2,directory,Document_25,,
Pages 3 and 4\Document_26,2,directory,Document_26,,
Pages 3 and 4\Document_27,2,directory,Document_27,,
Pages 3 and 4\Document_28,2,directory,Document_28,,
Pages 3 and 4\Document_29,2,directory,Document_29,,
Pages 3 and 4\Document_3,2,directory,Document_3,,
Pages 3 and 4\Document_30,2,directory,Document_30,,
Pages 3 and 4\Document_31,2,directory,Document_31,,
Pages 3 and 4\Document_32,2,directory,Document_32,,
Pages 3 and 4\Document_33,2,directory,Document_33,,
Pages 3 and 4\Document_34,2,directory,Document_34,,
Pages 3 and 4\Document_35,2,directory,Document_35,,
Pages 3 and 4\Document_36,2,directory,Document_36,,
Pages 3 and 4\Document_37,2,directory,Document_37,,
Pages 3 and 4\Document_38,2,directory,Document_38,,
Pages 3 and 4\Document_39,2,directory,Document_39,,
Pages 3 and 4\Document_4,2,directory,Document_4,,
Pages 3 and 4\Document_40,2,directory,Document_40,,
Pages 3 and 4\Document_41,2,directory,Document_41,,
Pages 3 and 4\Document_42,2,directory,Document_42,,
Pages 3 and 4\Document_43,2,directory,Document_43,,
Pages 3 and 4\Document_44,2,directory,Document_44,,
Pages 3 and 4\Document_45,2,directory,Document_45,,
Pages 3 and 4\Document_46,2,directory,Document_46,,
Pages 3 and 4\Document_47,2,directory,Document_47,,
Pages 3 and 4\Document_48,2,directory,Document_48,,
Pages 3 and 4\Document_49,2,directory,Document_49,,
Pages 3 and 4\Document_5,2,directory,Document_5,,
Pages 3 and 4\Document_50,2,directory,Document_50,,
Pages 3 and 4\Document_51,2,directory,Document_51,,
Pages 3 and 4\Document_52,2,directory,Document_52,,
Pages 3 and 4\Document_53,2,directory,Document_53,,
Pages 3 and 4\Document_54,2,directory,Document_54,,
2. Page 5\Document_10\Image_05,3,directory,Image_05,,
2. Page 5\Document_11\Image_05,3,directory,Image_05,,
2. Page 5\Document_12\Image_05,3,directory,Image_05,,
2. Page 5\Document_13\Image_05,3,directory,Image_05,,
2. Page 5\Document_14\Image_05,3,directory,Image_05,,
2. Page 5\Document_15\Image_05,3,directory,Image_05,,
2. Page 5\Document_16\Image_05,3,directory,Image_05,,
2. Page 5\Document_17\Image_05,3,directory,Image_05,,
2. Page 5\Document_18\Image_05,3,directory,Image_05,,
2. Page 5\Document_19\Image_05,3,directory,Image_05,,
2. Page 5\Document_1\Image_05,3,directory,Image_05,,
2. Page 5\Document_20\Image_05,3,directory,Image_05,,
2. Page 5\Document_21\Image_05,3,directory,Image_05,,
2. Page 5\Document_22\Image_05,3,directory,Image_05,,
2. Page 5\Document_23\Image_05,3,directory,Image_05,,
2. Page 5\Document_24\Image_05,3,directory,Image_05,,
2. Page 5\Document_25\Image_05,3,directory,Image_05,,
2. Page 5\Document_26\Image_05,3,directory,Image_05,,
2. Page 5\Document_27\Image_05,3,directory,Image_05,,
2. Page 5\Document_28\Image_05,3,directory,Image_05,,
2. Page 5\Document_29\Image_05,3,directory,Image_05,,
2. Page 5\Document_2\Image_05,3,directory,Image_05,,
2. Page 5\Document_30\Image_05,3,directory,Image_05,,
2. Page 5\Document_31\Image_05,3,directory,Image_05,,
2. Page 5\Document_32\Image_05,3,directory,Image_05,,
2. Page 5\Document_33\Image_05,3,directory,Image_05,,
2. Page 5\Document_34\Image_05,3,directory,Image_05,,
2. Page 5\Document_35\Image_05,3,directory,Image_05,,
2. Page 5\Document_36\Image_05,3,directory,Image_05,,
2. Page 5\Document_37\Image_05,3,directory,Image_05,,
2. Page 5\Document_38\Image_05,3,directory,Image_05,,
2. Page 5\Document_39\Image_05,3,directory,Image_05,,
2. Page 5\Document_3\Image_05,3,directory,Image_05,,
2. Page 5\Document_40\Image_05,3,directory,Image_05,,
2. Page 5\Document_41\Image_05,3,directory,Image_05,,
2. Page 5\Document_42\Image_05,3,directory,Image_05,,
2. Page 5\Document_43\Image_05,3,directory,Image_05,,
2. Page 5\Document_44\Image_05,3,directory,Image_05,,
2. Page 5\Document_45\Image_05,3,directory,Image_05,,
2. Page 5\Document_46\Image_05,3,directory,Image_05,,
2. Page 5\Document_47\Image_05,3,directory,Image_05,,
2. Page 5\Document_48\Image_05,3,directory,Image_05,,
2. Page 5\Document_49\Image_05,3,directory,Image_05,,
2. Page 5\Document_4\Image_05,3,directory,Image_05,,
2. Page 5\Document_50\Image_05,3,directory,Image_05,,
2. Page 5\Document_51\Image_05,3,directory,Image_05,,
2. Page 5\Document_52\Image_05,3,directory,Image_05,,
2. Page 5\Document_53\Image_05,3,directory,Image_05,,
2. Page 5\Document_54\Image_05,3,directory,Image_05,,
2. Page 5\Document_5\Image_05,3,directory,Image_05,,
2. Page 5\Document_6\Image_05,3,directory,Image_05,,
2. Page 5\Document_7\Image_05,3,directory,Image_05,,
2. Page 5\Document_8\Image_05,3,directory,Image_05,,
2. Page 5\Document_9\Image_05,3,directory,Image_05,,
Pages 1 and 2\Document_10\Image_01,3,directory,Image_01,,
Pages 1 and 2\Document_10\Image_02,3,directory,Image_02,,
Pages 1 and 2\Document_11\Image_01,3,directory,Image_01,,
Pages 1 and 2\Document_11\Image_02,3,directory,Image_02,,
Pages 1 and 2\Document_12\Image_01,3,directory,Image_01,,
Pages 1 and 2\Document_12\Image_02,3,directory,Image_02,,
Pages 1 and 2\Document_13\Image_01,3,directory,Image_01,,
Pages 1 and 2\Document_13\Image_02,3,directory,Image_02,,
Pages 1 and 2\Document_14\Image_01,3,directory,Image_01,,
Pages 1 and 2\Document_14\Image_02,3,directory,Image_02,,
Pages 1 and 2\Document_15\Image_01,3,directory,Image_01,,
Pages 1 and 2\Document_15\Image_02,3,directory,Image_02,,
Pages 1 and 2\Document_16\Image_01,3,directory,Image_01,,
Pages 1 and 2\Document_16\Image_02,3,directory,Image_02,,
Pages 1 and 2\Document_17\Image_01,3,directory,Image_01,,
Pages 1 and 2\Document_17\Image_02,3,directory,Image_02,,
Pages 1 and 2\Document_18\Image_01,3,directory,Image_01,,
Pages 1 and 2\Document_18\Image_02,3,directory,Image_02,,
Pages 1 and 2\Document_19\Image_01,3,directory,Image_01,,
Pages 1 and 2\Document_19\Image_02,3,directory,Image_02,,
Pages 1 and 2\Document_1\Image_01,3,directory,Image_01,,
Pages 1 and 2\Document_1\Image_02,3,directory,Image_02,,
Pages 1 and 2\Document_20\Image_01,3,directory,Image_01,,
Pages 1 and 2\Document_20\Image_02,3,directory,Image_02,,
Pages 1 and 2\Document_21\Image_01,3,directory,Image_01,,
Pages 1 and 2\Document_21\Image_02,3,directory,Image_02,,
Pages 1 and 2\Document_22\Image_01,3,directory,Image_01,,
Pages 1 and 2\Document_22\Image_02,3,directory,Image_02,,
Pages 1 and 2\Document_23\Image_01,3,directory,Image_01,,
Pages 1 and 2\Document_23\Image_02,3,directory,Image_02,,
Pages 1 and 2\Document_24\Image_01,3,directory,Image_01,,
Pages 1 and 2\Document_24\Image_02,3,directory,Image_02,,
Pages 1 and 2\Document_25\Image_01,3,directory,Image_01,,
Pages 1 and 2\Document_25\Image_02,3,directory,Image_02,,
Pages 1 and 2\Document_26\Image_01,3,directory,Image_01,,
Pages 1 and 2\Document_26\Image_02,3,directory,Image_02,,
Pages 1 and 2\Document_27\Image_01,3,directory,Image_01,,
Pages 1 and 2\Document_27\Image_02,3,directory,Image_02,,
Pages 1 and 2\Document_28\Image_01,3,directory,Image_01,,
Pages 1 and 2\Document_28\Image_02,3,directory,Image_02,,
Pages 1 and 2\Document_29\Image_01,3,directory,Image_01,,
Pages 1 and 2\Document_29\Image_02,3,directory,Image_02,,
Pages 1 and 2\Document_2\Image_01,3,directory,Image_01,,
Pages 1 and 2\Document_2\Image_02,3,directory,Image_02,,
Pages 1 and 2\Document_30\Image_01,3,directory,Image_01,,
Pages 1 and 2\Document_30\Image_02,3,directory,Image_02,,
Pages 1 and 2\Document_31\Image_01,3,directory,Image_01,,
Pages 1 and 2\Document_31\Image_02,3,directory,Image_02,,
Pages 1 and 2\Document_32\Image_01,3,directory,Image_01,,
Pages 1 and 2\Document_32\Image_02,3,directory,Image_02,,
Pages 1 and 2\Document_33\Image_01,3,directory,Image_01,,
Pages 1 and 2\Document_33\Image_02,3,directory,Image_02,,
Pages 1 and 2\Document_34\Image_01,3,directory,Image_01,,
Pages 1 and 2\Document_34\Image_02,3,directory,Image_02,,
Pages 1 and 2\Document_35\Image_01,3,directory,Image_01,,
Pages 1 and 2\Document_35\Image_02,3,directory,Image_02,,
Pages 1 and 2\Document_36\Image_01,3,directory,Image_01,,
Pages 1 and 2\Document_36\Image_02,3,directory,Image_02,,
Pages 1 and 2\Document_37\Image_01,3,directory,Image_01,,
Pages 1 and 2\Document_37\Image_02,3,directory,Image_02,,
Pages 1 and 2\Document_38\Image_01,3,directory,Image_01,,
Pages 1 and 2\Document_38\Image_02,3,directory,Image_02,,
Pages 1 and 2\Document_39\Image_01,3,directory,Image_01,,
Pages 1 and 2\Document_39\Image_02,3,directory,Image_02,,
Pages 1 and 2\Document_3\Image_01,3,directory,Image_01,,
Pages 1 and 2\Document_3\Image_02,3,directory,Image_02,,
Pages 1 and 2\Document_40\Image_01,3,directory,Image_01,,
Pages 1 and 2\Document_40\Image_02,3,directory,Image_02,,
Pages 1 and 2\Document_41\Image_01,3,directory,Image_01,,
Pages 1 and 2\Document_41\Image_02,3,directory,Image_02,,
Pages 1 and 2\Document_42\Image_01,3,directory,Image_01,,
Pages 1 and 2\Document_42\Image_02,3,directory,Image_02,,
Pages 1 and 2\Document_43\Image_01,3,directory,Image_01,,
Pages 1 and 2\Document_43\Image_02,3,directory,Image_02,,
Pages 1 and 2\Document_44\Image_01,3,directory,Image_01,,
Pages 1 and 2\Document_44\Image_02,3,directory,Image_02,,
Pages 1 and 2\Document_45\Image_01,3,directory,Image_01,,
Pages 1 and 2\Document_45\Image_02,3,directory,Image_02,,
Pages 1 and 2\Document_46\Image_01,3,directory,Image_01,,
Pages 1 and 2\Document_46\Image_02,3,directory,Image_02,,
Pages 1 and 2\Document_47\Image_01,3,directory,Image_01,,
Pages 1 and 2\Document_47\Image_02,3,directory,Image_02,,
Pages 1 and 2\Document_48\Image_01,3,directory,Image_01,,
Pages 1 and 2\Document_48\Image_02,3,directory,Image_02,,
Pages 1 and 2\Document_49\Image_01,3,directory,Image_01,,
Pages 1 and 2\Document_49\Image_02,3,directory,Image_02,,
Pages 1 and 2\Document_4\Image_01,3,directory,Image_01,,
Pages 1 and 2\Document_4\Image_02,3,directory,Image_02,,
Pages 1 and 2\Document_50\Image_01,3,directory,Image_01,,
Pages 1 and 2\Document_50\Image_02,3,directory,Image_02,,
Pages 1 and 2\Document_51\Image_01,3,directory,Image_01,,
Pages 1 and 2\Document_51\Image_02,3,directory,Image_02,,
Pages 1 and 2\Document_52\Image_01,3,directory,Image_01,,
Pages 1 and 2\Document_52\Image_02,3,directory,Image_02,,
Pages 1 and 2\Document_53\Image_01,3,directory,Image_01,,
Pages 1 and 2\Document_53\Image_02,3,directory,Image_02,,
Pages 1 and 2\Document_54\Image_01,3,directory,Image_01,,
Pages 1 and 2\Document_54\Image_02,3,directory,Image_02,,
Pages 1 and 2\Document_5\Image_01,3,directory,Image_01,,
Pages 1 and 2\Document_5\Image_02,3,directory,Image_02,,
Pages 1 and 2\Document_6\Image_01,3,directory,Image_01,,
Pages 1 and 2\Document_6\Image_02,3,directory,Image_02,,
Pages 1 and 2\Document_7\Image_01,3,directory,Image_01,,
Pages 1 and 2\Document_7\Image_02,3,directory,Image_02,,
Pages 1 and 2\Document_8\Image_01,3,directory,Image_01,,
Pages 1 and 2\Document_8\Image_02,3,directory,Image_02,,
Pages 1 and 2\Document_9\Image_01,3,directory,Image_01,,
Pages 1 and 2\Document_9\Image_02,3,directory,Image_02,,
Pages 3 and 4\Document_10\Image_03,3,directory,Image_03,,
Pages 3 and 4\Document_10\Image_04,3,directory,Image_04,,
Pages 3 and 4\Document_11\Image_03,3,directory,Image_03,,
Pages 3 and 4\Document_11\Image_04,3,directory,Image_04,,
Pages 3 and 4\Document_12\Image_03,3,directory,Image_03,,
Pages 3 and 4\Document_12\Image_04,3,directory,Image_04,,
Pages 3 and 4\Document_13\Image_03,3,directory,Image_03,,
Pages 3 and 4\Document_13\Image_04,3,directory,Image_04,,
Pages 3 and 4\Document_14\Image_03,3,directory,Image_03,,
Pages 3 and 4\Document_14\Image_04,3,directory,Image_04,,
Pages 3 and 4\Document_15\Image_03,3,directory,Image_03,,
Pages 3 and 4\Document_15\Image_04,3,directory,Image_04,,
Pages 3 and 4\Document_16\Image_03,3,directory,Image_03,,
Pages 3 and 4\Document_16\Image_04,3,directory,Image_04,,
Pages 3 and 4\Document_17\Image_03,3,directory,Image_03,,
Pages 3 and 4\Document_17\Image_04,3,directory,Image_04,,
Pages 3 and 4\Document_18\Image_03,3,directory,Image_03,,
Pages 3 and 4\Document_18\Image_04,3,directory,Image_04,,
Pages 3 and 4\Document_19\Image_03,3,directory,Image_03,,
Pages 3 and 4\Document_19\Image_04,3,directory,Image_04,,
Pages 3 and 4\Document_1\Image_03,3,directory,Image_03,,
Pages 3 and 4\Document_1\Image_04,3,directory,Image_04,,
Pages 3 and 4\Document_20\Image_03,3,directory,Image_03,,
Pages 3 and 4\Document_20\Image_04,3,directory,Image_04,,
Pages 3 and 4\Document_21\Image_03,3,directory,Image_03,,
Pages 3 and 4\Document_21\Image_04,3,directory,Image_04,,
Pages 3 and 4\Document_22\Image_03,3,directory,Image_03,,
Pages 3 and 4\Document_22\Image_04,3,directory,Image_04,,
Pages 3 and 4\Document_23\Image_03,3,directory,Image_03,,
Pages 3 and 4\Document_23\Image_04,3,directory,Image_04,,
Pages 3 and 4\Document_24\Image_03,3,directory,Image_03,,
Pages 3 and 4\Document_24\Image_04,3,directory,Image_04,,
Pages 3 and 4\Document_25\Image_03,3,directory,Image_03,,
Pages 3 and 4\Document_25\Image_04,3,directory,Image_04,,
Pages 3 and 4\Document_26\Image_03,3,directory,Image_03,,
Pages 3 and 4\Document_26\Image_04,3,directory,Image_04,,
Pages 3 and 4\Document_27\Image_03,3,directory,Image_03,,
Pages 3 and 4\Document_27\Image_04,3,directory,Image_04,,
Pages 3 and 4\Document_28\Image_03,3,directory,Image_03,,
Pages 3 and 4\Document_28\Image_04,3,directory,Image_04,,
Pages 3 and 4\Document_29\Image_03,3,directory,Image_03,,
Pages 3 and 4\Document_29\Image_04,3,directory,Image_04,,
Pages 3 and 4\Document_2\Image_03,3,directory,Image_03,,
Pages 3 and 4\Document_2\Image_04,3,directory,Image_04,,
Pages 3 and 4\Document_30\Image_03,3,directory,Image_03,,
Pages 3 and 4\Document_30\Image_04,3,directory,Image_04,,
Pages 3 and 4\Document_31\Image_03,3,directory,Image_03,,
Pages 3 and 4\Document_31\Image_04,3,directory,Image_04,,
Pages 3 and 4\Document_32\Image_03,3,directory,Image_03,,
Pages 3 and 4\Document_32\Image_04,3,directory,Image_04,,
Pages 3 and 4\Document_33\Image_03,3,directory,Image_03,,
Pages 3 and 4\Document_33\Image_04,3,directory,Image_04,,
Pages 3 and 4\Document_33\Image_05,3,directory,Image_05,,
Pages 3 and 4\Document_34\Image_03,3,directory,Image_03,,
Pages 3 and 4\Document_34\Image_04,3,directory,Image_04,,
Pages 3 and 4\Document_35\Image_03,3,directory,Image_03,,
Pages 3 and 4\Document_35\Image_04,3,directory,Image_04,,
Pages 3 and 4\Document_36\Image_03,3,directory,Image_03,,
Pages 3 and 4\Document_36\Image_04,3,directory,Image_04,,
Pages 3 and 4\Document_37\Image_03,3,directory,Image_03,,
Pages 3 and 4\Document_37\Image_04,3,directory,Image_04,,
Pages 3 and 4\Document_38\Image_03,3,directory,Image_03,,
Pages 3 and 4\Document_38\Image_04,3,directory,Image_04,,
Pages 3 and 4\Document_39\Image_03,3,directory,Image_03,,
Pages 3 and 4\Document_39\Image_04,3,directory,Image_04,,
Pages 3 and 4\Document_3\Image_03,3,directory,Image_03,,
Pages 3 and 4\Document_3\Image_04,3,directory,Image_04,,
Pages 3 and 4\Document_40\Image_03,3,directory,Image_03,,
Pages 3 and 4\Document_40\Image_04,3,directory,Image_04,,
Pages 3 and 4\Document_41\Image_03,3,directory,Image_03,,
Pages 3 and 4\Document_41\Image_04,3,directory,Image_04,,
Pages 3 and 4\Document_42\Image_03,3,directory,Image_03,,
Pages 3 and 4\Document_42\Image_04,3,directory,Image_04,,
Pages 3 and 4\Document_43\Image_03,3,directory,Image_03,,
Pages 3 and 4\Document_43\Image_04,3,directory,Image_04,,
Pages 3 and 4\Document_44\Image_03,3,directory,Image_03,,
Pages 3 and 4\Document_44\Image_04,3,directory,Image_04,,
Pages 3 and 4\Document_45\Image_03,3,directory,Image_03,,
Pages 3 and 4\Document_45\Image_04,3,directory,Image_04,,
Pages 3 and 4\Document_46\Image_03,3,directory,Image_03,,
Pages 3 and 4\Document_46\Image_04,3,directory,Image_04,,
Pages 3 and 4\Document_47\Image_03,3,directory,Image_03,,
Pages 3 and 4\Document_47\Image_04,3,directory,Image_04,,
Pages 3 and 4\Document_48\Image_03,3,directory,Image_03,,
Pages 3 and 4\Document_48\Image_04,3,directory,Image_04,,
Pages 3 and 4\Document_49\Image_03,3,directory,Image_03,,
Pages 3 and 4\Document_49\Image_04,3,directory,Image_04,,
Pages 3 and 4\Document_4\Image_03,3,directory,Image_03,,
Pages 3 and 4\Document_4\Image_04,3,directory,Image_04,,
Pages 3 and 4\Document_50\Image_03,3,directory,Image_03,,
Pages 3 and 4\Document_50\Image_04,3,directory,Image_04,,
Pages 3 and 4\Document_51\Image_03,3,directory,Image_03,,
Pages 3 and 4\Document_51\Image_04,3,directory,Image_04,,
Pages 3 and 4\Document_52\Image_03,3,directory,Image_03,,
Pages 3 and 4\Document_52\Image_04,3,directory,Image_04,,
Pages 3 and 4\Document_53\Image_03,3,directory,Image_03,,
Pages 3 and 4\Document_53\Image_04,3,directory,Image_04,,
Pages 3 and 4\Document_54\Image_03,3,directory,Image_03,,
Pages 3 and 4\Document_54\Image_04,3,directory,Image_04,,
Pages 3 and 4\Document_5\Image_03,3,directory,Image_03,,
Pages 3 and 4\Document_5\Image_04,3,directory,Image_04,,
2. Page 5\Document_10\Image_05\C_01_W-01-02-03-04_R1111,4,directory,C_01_W-01-02-03-04_R1111,,
2. Page 5\Document_10\Image_05\C_02_W-01-02-03-04_R1111,4,directory,C_02_W-01-02-03-04_R1111,,
2. Page 5\Document_10\Image_05\C_03_W-01-02-03-04_R1111,4,directory,C_03_W-01-02-03-04_R1111,,
2. Page 5\Document_10\Image_05\C_04_W-01-02-03-04_R1111,4,directory,C_04_W-01-02-03-04_R1111,,
2. Page 5\Document_10\Image_05\C_05_Lowercase_Alphabets_a-m,4,directory,C_05_Lowercase_Alphabets_a-m,,
2. Page 5\Document_10\Image_05\C_06_Lowercase_Alphabets_n-z,4,directory,C_06_Lowercase_Alphabets_n-z,,
2. Page 5\Document_10\Image_05\C_07_Uppercase_Alphabets_A-M,4,directory,C_07_Uppercase_Alphabets_A-M,,
2. Page 5\Document_10\Image_05\C_08_Uppercase_Alphabets_N-Z,4,directory,C_08_Uppercase_Alphabets_N-Z,,
2. Page 5\Document_10\Image_05\C_09_Numerics,4,directory,C_09_Numerics,,
2. Page 5\Document_10\Image_05\C_10_Writer_Name_&_Signature,4,directory,C_10_Writer_Name_&_Signature,,
2. Page 5\Document_11\Image_05\C_01_W-01-02-03-04_R1111,4,directory,C_01_W-01-02-03-04_R1111,,
2. Page 5\Document_11\Image_05\C_02_W-01-02-03-04_R1111,4,directory,C_02_W-01-02-03-04_R1111,,
2. Page 5\Document_11\Image_05\C_03_W-01-02-03-04_R1111,4,directory,C_03_W-01-02-03-04_R1111,,
2. Page 5\Document_11\Image_05\C_04_W-01-02-03-04_R1111,4,directory,C_04_W-01-02-03-04_R1111,,
2. Page 5\Document_11\Image_05\C_05_Lowercase_Alphabets_a-m,4,directory,C_05_Lowercase_Alphabets_a-m,,
2. Page 5\Document_11\Image_05\C_06_Lowercase_Alphabets_n-z,4,directory,C_06_Lowercase_Alphabets_n-z,,
2. Page 5\Document_11\Image_05\C_07_Uppercase_Alphabets_A-M,4,directory,C_07_Uppercase_Alphabets_A-M,,
2. Page 5\Document_11\Image_05\C_08_Uppercase_Alphabets_N-Z,4,directory,C_08_Uppercase_Alphabets_N-Z,,
2. Page 5\Document_11\Image_05\C_09_Numerics,4,directory,C_09_Numerics,,
2. Page 5\Document_11\Image_05\C_10_Writer_Name_&_Signature,4,directory,C_10_Writer_Name_&_Signature,,
2. Page 5\Document_12\Image_05\C_01_W-01-02-03-04_R1111,4,directory,C_01_W-01-02-03-04_R1111,,
2. Page 5\Document_12\Image_05\C_02_W-01-02-03-04_R1111,4,directory,C_02_W-01-02-03-04_R1111,,
2. Page 5\Document_12\Image_05\C_03_W-01-02-03-04_R1111,4,directory,C_03_W-01-02-03-04_R1111,,
2. Page 5\Document_12\Image_05\C_04_W-01-02-03-04_R1111,4,directory,C_04_W-01-02-03-04_R1111,,
2. Page 5\Document_12\Image_05\C_05_Lowercase_Alphabets_a-m,4,directory,C_05_Lowercase_Alphabets_a-m,,
2. Page 5\Document_12\Image_05\C_06_Lowercase_Alphabets_n-z,4,directory,C_06_Lowercase_Alphabets_n-z,,
2. Page 5\Document_12\Image_05\C_07_Uppercase_Alphabets_A-M,4,directory,C_07_Uppercase_Alphabets_A-M,,
2. Page 5\Document_12\Image_05\C_08_Uppercase_Alphabets_N-Z,4,directory,C_08_Uppercase_Alphabets_N-Z,,
2. Page 5\Document_12\Image_05\C_09_Numerics,4,directory,C_09_Numerics,,
2. Page 5\Document_12\Image_05\C_10_Writer_Name_&_Signature,4,directory,C_10_Writer_Name_&_Signature,,
2. Page 5\Document_13\Image_05\C_01_W-01-02-03-04_R1111,4,directory,C_01_W-01-02-03-04_R1111,,
2. Page 5\Document_13\Image_05\C_02_W-01-02-03-04_R1111,4,directory,C_02_W-01-02-03-04_R1111,,
2. Page 5\Document_13\Image_05\C_03_W-01-02-03-04_R1111,4,directory,C_03_W-01-02-03-04_R1111,,
2. Page 5\Document_13\Image_05\C_04_W-01-02-03-04_R1111,4,directory,C_04_W-01-02-03-04_R1111,,
2. Page 5\Document_13\Image_05\C_05_Lowercase_Alphabets_a-m,4,directory,C_05_Lowercase_Alphabets_a-m,,
2. Page 5\Document_13\Image_05\C_06_Lowercase_Alphabets_n-z,4,directory,C_06_Lowercase_Alphabets_n-z,,
2. Page 5\Document_13\Image_05\C_07_Uppercase_Alphabets_A-M,4,directory,C_07_Uppercase_Alphabets_A-M,,
2. Page 5\Document_13\Image_05\C_08_Uppercase_Alphabets_N-Z,4,directory,C_08_Uppercase_Alphabets_N-Z,,
2. Page 5\Document_13\Image_05\C_09_Numerics,4,directory,C_09_Numerics,,
2. Page 5\Document_13\Image_05\C_10_Writer_Name_&_Signature,4,directory,C_10_Writer_Name_&_Signature,,
2. Page 5\Document_14\Image_05\C_01_W-01-02-03-04_R1111,4,directory,C_01_W-01-02-03-04_R1111,,
2. Page 5\Document_14\Image_05\C_02_W-01-02-03-04_R1111,4,directory,C_02_W-01-02-03-04_R1111,,
2. Page 5\Document_14\Image_05\C_03_W-01-02-03-04_R1111,4,directory,C_03_W-01-02-03-04_R1111,,
2. Page 5\Document_14\Image_05\C_04_W-01-02-03-04_R1111,4,directory,C_04_W-01-02-03-04_R1111,,
2. Page 5\Document_14\Image_05\C_05_Lowercase_Alphabets_a-m,4,directory,C_05_Lowercase_Alphabets_a-m,,
2. Page 5\Document_14\Image_05\C_06_Lowercase_Alphabets_n-z,4,directory,C_06_Lowercase_Alphabets_n-z,,
2. Page 5\Document_14\Image_05\C_07_Uppercase_Alphabets_A-M,4,directory,C_07_Uppercase_Alphabets_A-M,,
2. Page 5\Document_14\Image_05\C_08_Uppercase_Alphabets_N-Z,4,directory,C_08_Uppercase_Alphabets_N-Z,,
2. Page 5\Document_14\Image_05\C_09_Numerics,4,directory,C_09_Numerics,,
2. Page 5\Document_14\Image_05\C_10_Writer_Name_&_Signature,4,directory,C_10_Writer_Name_&_Signature,,
2. Page 5\Document_15\Image_05\C_01_W-01-02-03-04_R1111,4,directory,C_01_W-01-02-03-04_R1111,,
2. Page 5\Document_15\Image_05\C_02_W-01-02-03-04_R1111,4,directory,C_02_W-01-02-03-04_R1111,,
2. Page 5\Document_15\Image_05\C_03_W-01-02-03-04_R1111,4,directory,C_03_W-01-02-03-04_R1111,,
2. Page 5\Document_15\Image_05\C_04_W-01-02-03-04_R1111,4,directory,C_04_W-01-02-03-04_R1111,,
2. Page 5\Document_15\Image_05\C_05_Lowercase_Alphabets_a-m,4,directory,C_05_Lowercase_Alphabets_a-m,,
2. Page 5\Document_15\Image_05\C_06_Lowercase_Alphabets_n-z,4,directory,C_06_Lowercase_Alphabets_n-z,,
2. Page 5\Document_15\Image_05\C_07_Uppercase_Alphabets_A-M,4,directory,C_07_Uppercase_Alphabets_A-M,,
2. Page 5\Document_15\Image_05\C_08_Uppercase_Alphabets_N-Z,4,directory,C_08_Uppercase_Alphabets_N-Z,,
2. Page 5\Document_15\Image_05\C_09_Numerics,4,directory,C_09_Numerics,,
2. Page 5\Document_15\Image_05\C_10_Writer_Name_&_Signature,4,directory,C_10_Writer_Name_&_Signature,,
2. Page 5\Document_16\Image_05\C_01_W-01-02-03-04_R1111,4,directory,C_01_W-01-02-03-04_R1111,,
2. Page 5\Document_16\Image_05\C_02_W-01-02-03-04_R1111,4,directory,C_02_W-01-02-03-04_R1111,,
2. Page 5\Document_16\Image_05\C_03_W-01-02-03-04_R1111,4,directory,C_03_W-01-02-03-04_R1111,,
2. Page 5\Document_16\Image_05\C_04_W-01-02-03-04_R1111,4,directory,C_04_W-01-02-03-04_R1111,,
2. Page 5\Document_16\Image_05\C_05_Lowercase_Alphabets_a-m,4,directory,C_05_Lowercase_Alphabets_a-m,,
2. Page 5\Document_16\Image_05\C_06_Lowercase_Alphabets_n-z,4,directory,C_06_Lowercase_Alphabets_n-z,,
2. Page 5\Document_16\Image_05\C_07_Uppercase_Alphabets_A-M,4,directory,C_07_Uppercase_Alphabets_A-M,,
2. Page 5\Document_16\Image_05\C_08_Uppercase_Alphabets_N-Z,4,directory,C_08_Uppercase_Alphabets_N-Z,,
2. Page 5\Document_16\Image_05\C_09_Numerics,4,directory,C_09_Numerics,,
2. Page 5\Document_16\Image_05\C_10_Writer_Name_&_Signature,4,directory,C_10_Writer_Name_&_Signature,,
2. Page 5\Document_17\Image_05\C_01_W-01-02-03-04_R1111,4,directory,C_01_W-01-02-03-04_R1111,,
2. Page 5\Document_17\Image_05\C_02_W-01-02-03-04_R1111,4,directory,C_02_W-01-02-03-04_R1111,,
2. Page 5\Document_17\Image_05\C_03_W-01-02-03-04_R1111,4,directory,C_03_W-01-02-03-04_R1111,,
2. Page 5\Document_17\Image_05\C_04_W-01-02-03-04_R1111,4,directory,C_04_W-01-02-03-04_R1111,,
2. Page 5\Document_17\Image_05\C_05_Lowercase_Alphabets_a-m,4,directory,C_05_Lowercase_Alphabets_a-m,,
2. Page 5\Document_17\Image_05\C_06_Lowercase_Alphabets_n-z,4,directory,C_06_Lowercase_Alphabets_n-z,,
2. Page 5\Document_17\Image_05\C_07_Uppercase_Alphabets_A-M,4,directory,C_07_Uppercase_Alphabets_A-M,,
2. Page 5\Document_17\Image_05\C_08_Uppercase_Alphabets_N-Z,4,directory,C_08_Uppercase_Alphabets_N-Z,,
2. Page 5\Document_17\Image_05\C_09_Numerics,4,directory,C_09_Numerics,,
2. Page 5\Document_17\Image_05\C_10_Writer_Name_&_Signature,4,directory,C_10_Writer_Name_&_Signature,,
2. Page 5\Document_18\Image_05\C_01_W-01-02-03-04_R1111,4,directory,C_01_W-01-02-03-04_R1111,,
2. Page 5\Document_18\Image_05\C_02_W-01-02-03-04_R1111,4,directory,C_02_W-01-02-03-04_R1111,,
2. Page 5\Document_18\Image_05\C_03_W-01-02-03-04_R1111,4,directory,C_03_W-01-02-03-04_R1111,,
2. Page 5\Document_18\Image_05\C_04_W-01-02-03-04_R1111,4,directory,C_04_W-01-02-03-04_R1111,,
2. Page 5\Document_18\Image_05\C_05_Lowercase_Alphabets_a-m,4,directory,C_05_Lowercase_Alphabets_a-m,,
2. Page 5\Document_18\Image_05\C_06_Lowercase_Alphabets_n-z,4,directory,C_06_Lowercase_Alphabets_n-z,,
2. Page 5\Document_18\Image_05\C_07_Uppercase_Alphabets_A-M,4,directory,C_07_Uppercase_Alphabets_A-M,,
2. Page 5\Document_18\Image_05\C_08_Uppercase_Alphabets_N-Z,4,directory,C_08_Uppercase_Alphabets_N-Z,,
2. Page 5\Document_18\Image_05\C_09_Numerics,4,directory,C_09_Numerics,,
2. Page 5\Document_18\Image_05\C_10_Writer_Name_&_Signature,4,directory,C_10_Writer_Name_&_Signature,,
2. Page 5\Document_19\Image_05\C_01_W-01-02-03-04_R1111,4,directory,C_01_W-01-02-03-04_R1111,,
2. Page 5\Document_19\Image_05\C_02_W-01-02-03-04_R1111,4,directory,C_02_W-01-02-03-04_R1111,,
2. Page 5\Document_19\Image_05\C_03_W-01-02-03-04_R1111,4,directory,C_03_W-01-02-03-04_R1111,,
2. Page 5\Document_19\Image_05\C_04_W-01-02-03-04_R1111,4,directory,C_04_W-01-02-03-04_R1111,,
2. Page 5\Document_19\Image_05\C_05_Lowercase_Alphabets_a-m,4,directory,C_05_Lowercase_Alphabets_a-m,,
2. Page 5\Document_19\Image_05\C_06_Lowercase_Alphabets_n-z,4,directory,C_06_Lowercase_Alphabets_n-z,,
2. Page 5\Document_19\Image_05\C_07_Uppercase_Alphabets_A-M,4,directory,C_07_Uppercase_Alphabets_A-M,,
2. Page 5\Document_19\Image_05\C_08_Uppercase_Alphabets_N-Z,4,directory,C_08_Uppercase_Alphabets_N-Z,,
2. Page 5\Document_19\Image_05\C_09_Numerics,4,directory,C_09_Numerics,,
2. Page 5\Document_19\Image_05\C_10_Writer_Name_&_Signature,4,directory,C_10_Writer_Name_&_Signature,,
2. Page 5\Document_1\Image_05\C_01_W-01-02-03-04_R1111,4,directory,C_01_W-01-02-03-04_R1111,,
2. Page 5\Document_1\Image_05\C_02_W-01-02-03-04_R1111,4,directory,C_02_W-01-02-03-04_R1111,,
2. Page 5\Document_1\Image_05\C_03_W-01-02-03-04_R1111,4,directory,C_03_W-01-02-03-04_R1111,,
2. Page 5\Document_1\Image_05\C_04_W-01-02-03-04_R1111,4,directory,C_04_W-01-02-03-04_R1111,,
2. Page 5\Document_1\Image_05\C_05_Lowercase_Alphabets_a-m,4,directory,C_05_Lowercase_Alphabets_a-m,,
2. Page 5\Document_1\Image_05\C_06_Lowercase_Alphabets_n-z,4,directory,C_06_Lowercase_Alphabets_n-z,,
2. Page 5\Document_1\Image_05\C_07_Uppercase_Alphabets_A-M,4,directory,C_07_Uppercase_Alphabets_A-M,,
2. Page 5\Document_1\Image_05\C_08_Uppercase_Alphabets_N-Z,4,directory,C_08_Uppercase_Alphabets_N-Z,,
2. Page 5\Document_1\Image_05\C_09_Numerics,4,directory,C_09_Numerics,,
2. Page 5\Document_1\Image_05\C_10_Writer_Name_&_Signature,4,directory,C_10_Writer_Name_&_Signature,,
2. Page 5\Document_20\Image_05\C_01_W-01-02-03-04_R1111,4,directory,C_01_W-01-02-03-04_R1111,,
2. Page 5\Document_20\Image_05\C_02_W-01-02-03-04_R1111,4,directory,C_02_W-01-02-03-04_R1111,,
2. Page 5\Document_20\Image_05\C_03_W-01-02-03-04_R1111,4,directory,C_03_W-01-02-03-04_R1111,,
2. Page 5\Document_20\Image_05\C_04_W-01-02-03-04_R1111,4,directory,C_04_W-01-02-03-04_R1111,,
2. Page 5\Document_20\Image_05\C_05_Lowercase_Alphabets_a-m,4,directory,C_05_Lowercase_Alphabets_a-m,,
2. Page 5\Document_20\Image_05\C_06_Lowercase_Alphabets_n-z,4,directory,C_06_Lowercase_Alphabets_n-z,,
2. Page 5\Document_20\Image_05\C_07_Uppercase_Alphabets_A-M,4,directory,C_07_Uppercase_Alphabets_A-M,,
2. Page 5\Document_20\Image_05\C_08_Uppercase_Alphabets_N-Z,4,directory,C_08_Uppercase_Alphabets_N-Z,,
2. Page 5\Document_20\Image_05\C_09_Numerics,4,directory,C_09_Numerics,,
2. Page 5\Document_20\Image_05\C_10_Writer_Name_&_Signature,4,directory,C_10_Writer_Name_&_Signature,,
2. Page 5\Document_21\Image_05\C_01_W-01-02-03-04_R1111,4,directory,C_01_W-01-02-03-04_R1111,,
2. Page 5\Document_21\Image_05\C_02_W-01-02-03-04_R1111,4,directory,C_02_W-01-02-03-04_R1111,,
2. Page 5\Document_21\Image_05\C_03_W-01-02-03-04_R1111,4,directory,C_03_W-01-02-03-04_R1111,,
2. Page 5\Document_21\Image_05\C_04_W-01-02-03-04_R1111,4,directory,C_04_W-01-02-03-04_R1111,,
2. Page 5\Document_21\Image_05\C_05_Lowercase_Alphabets_a-m,4,directory,C_05_Lowercase_Alphabets_a-m,,
2. Page 5\Document_21\Image_05\C_06_Lowercase_Alphabets_n-z,4,directory,C_06_Lowercase_Alphabets_n-z,,
2. Page 5\Document_21\Image_05\C_07_Uppercase_Alphabets_A-M,4,directory,C_07_Uppercase_Alphabets_A-M,,
2. Page 5\Document_21\Image_05\C_08_Uppercase_Alphabets_N-Z,4,directory,C_08_Uppercase_Alphabets_N-Z,,
2. Page 5\Document_21\Image_05\C_09_Numerics,4,directory,C_09_Numerics,,
2. Page 5\Document_21\Image_05\C_10_Writer_Name_&_Signature,4,directory,C_10_Writer_Name_&_Signature,,
2. Page 5\Document_22\Image_05\C_01_W-01-02-03-04_R1111,4,directory,C_01_W-01-02-03-04_R1111,,
2. Page 5\Document_22\Image_05\C_02_W-01-02-03-04_R1111,4,directory,C_02_W-01-02-03-04_R1111,,
2. Page 5\Document_22\Image_05\C_03_W-01-02-03-04_R1111,4,directory,C_03_W-01-02-03-04_R1111,,
2. Page 5\Document_22\Image_05\C_04_W-01-02-03-04_R1111,4,directory,C_04_W-01-02-03-04_R1111,,
2. Page 5\Document_22\Image_05\C_05_Lowercase_Alphabets_a-m,4,directory,C_05_Lowercase_Alphabets_a-m,,
2. Page 5\Document_22\Image_05\C_06_Lowercase_Alphabets_n-z,4,directory,C_06_Lowercase_Alphabets_n-z,,
2. Page 5\Document_22\Image_05\C_07_Uppercase_Alphabets_A-M,4,directory,C_07_Uppercase_Alphabets_A-M,,
2. Page 5\Document_22\Image_05\C_08_Uppercase_Alphabets_N-Z,4,directory,C_08_Uppercase_Alphabets_N-Z,,
2. Page 5\Document_22\Image_05\C_09_Numerics,4,directory,C_09_Numerics,,
2. Page 5\Document_22\Image_05\C_10_Writer_Name_&_Signature,4,directory,C_10_Writer_Name_&_Signature,,
2. Page 5\Document_23\Image_05\C_01_W-01-02-03-04_R1111,4,directory,C_01_W-01-02-03-04_R1111,,
2. Page 5\Document_23\Image_05\C_02_W-01-02-03-04_R1111,4,directory,C_02_W-01-02-03-04_R1111,,
2. Page 5\Document_23\Image_05\C_03_W-01-02-03-04_R1111,4,directory,C_03_W-01-02-03-04_R1111,,
2. Page 5\Document_23\Image_05\C_04_W-01-02-03-04_R1111,4,directory,C_04_W-01-02-03-04_R1111,,
2. Page 5\Document_23\Image_05\C_05_Lowercase_Alphabets_a-m,4,directory,C_05_Lowercase_Alphabets_a-m,,
2. Page 5\Document_23\Image_05\C_06_Lowercase_Alphabets_n-z,4,directory,C_06_Lowercase_Alphabets_n-z,,
2. Page 5\Document_23\Image_05\C_07_Uppercase_Alphabets_A-M,4,directory,C_07_Uppercase_Alphabets_A-M,,
2. Page 5\Document_23\Image_05\C_08_Uppercase_Alphabets_N-Z,4,directory,C_08_Uppercase_Alphabets_N-Z,,
2. Page 5\Document_23\Image_05\C_09_Numerics,4,directory,C_09_Numerics,,
2. Page 5\Document_23\Image_05\C_10_Writer_Name_&_Signature,4,directory,C_10_Writer_Name_&_Signature,,
2. Page 5\Document_24\Image_05\C_01_W-01-02-03-04_R1111,4,directory,C_01_W-01-02-03-04_R1111,,
2. Page 5\Document_24\Image_05\C_02_W-01-02-03-04_R1111,4,directory,C_02_W-01-02-03-04_R1111,,
2. Page 5\Document_24\Image_05\C_03_W-01-02-03-04_R1111,4,directory,C_03_W-01-02-03-04_R1111,,
2. Page 5\Document_24\Image_05\C_04_W-01-02-03-04_R1111,4,directory,C_04_W-01-02-03-04_R1111,,
2. Page 5\Document_24\Image_05\C_05_Lowercase_Alphabets_a-m,4,directory,C_05_Lowercase_Alphabets_a-m,,
2. Page 5\Document_24\Image_05\C_06_Lowercase_Alphabets_n-z,4,directory,C_06_Lowercase_Alphabets_n-z,,
2. Page 5\Document_24\Image_05\C_07_Uppercase_Alphabets_A-M,4,directory,C_07_Uppercase_Alphabets_A-M,,
2. Page 5\Document_24\Image_05\C_08_Uppercase_Alphabets_N-Z,4,directory,C_08_Uppercase_Alphabets_N-Z,,
2. Page 5\Document_24\Image_05\C_09_Numerics,4,directory,C_09_Numerics,,
2. Page 5\Document_24\Image_05\C_10_Writer_Name_&_Signature,4,directory,C_10_Writer_Name_&_Signature,,
2. Page 5\Document_25\Image_05\C_01_W-01-02-03-04_R1111,4,directory,C_01_W-01-02-03-04_R1111,,
2. Page 5\Document_25\Image_05\C_02_W-01-02-03-04_R1111,4,directory,C_02_W-01-02-03-04_R1111,,
2. Page 5\Document_25\Image_05\C_03_W-01-02-03-04_R1111,4,directory,C_03_W-01-02-03-04_R1111,,
2. Page 5\Document_25\Image_05\C_04_W-01-02-03-04_R1111,4,directory,C_04_W-01-02-03-04_R1111,,
2. Page 5\Document_25\Image_05\C_05_Lowercase_Alphabets_a-m,4,directory,C_05_Lowercase_Alphabets_a-m,,
2. Page 5\Document_25\Image_05\C_06_Lowercase_Alphabets_n-z,4,directory,C_06_Lowercase_Alphabets_n-z,,
2. Page 5\Document_25\Image_05\C_07_Uppercase_Alphabets_A-M,4,directory,C_07_Uppercase_Alphabets_A-M,,
2. Page 5\Document_25\Image_05\C_08_Uppercase_Alphabets_N-Z,4,directory,C_08_Uppercase_Alphabets_N-Z,,
2. Page 5\Document_25\Image_05\C_09_Numerics,4,directory,C_09_Numerics,,
2. Page 5\Document_25\Image_05\C_10_Writer_Name_&_Signature,4,directory,C_10_Writer_Name_&_Signature,,
2. Page 5\Document_26\Image_05\C_01_W-01-02-03-04_R1111,4,directory,C_01_W-01-02-03-04_R1111,,
2. Page 5\Document_26\Image_05\C_02_W-01-02-03-04_R1111,4,directory,C_02_W-01-02-03-04_R1111,,
2. Page 5\Document_26\Image_05\C_03_W-01-02-03-04_R1111,4,directory,C_03_W-01-02-03-04_R1111,,
2. Page 5\Document_26\Image_05\C_04_W-01-02-03-04_R1111,4,directory,C_04_W-01-02-03-04_R1111,,
2. Page 5\Document_26\Image_05\C_05_Lowercase_Alphabets_a-m,4,directory,C_05_Lowercase_Alphabets_a-m,,
2. Page 5\Document_26\Image_05\C_06_Lowercase_Alphabets_n-z,4,directory,C_06_Lowercase_Alphabets_n-z,,
2. Page 5\Document_26\Image_05\C_07_Uppercase_Alphabets_A-M,4,directory,C_07_Uppercase_Alphabets_A-M,,
2. Page 5\Document_26\Image_05\C_08_Uppercase_Alphabets_N-Z,4,directory,C_08_Uppercase_Alphabets_N-Z,,
2. Page 5\Document_26\Image_05\C_09_Numerics,4,directory,C_09_Numerics,,
2. Page 5\Document_26\Image_05\C_10_Writer_Name_&_Signature,4,directory,C_10_Writer_Name_&_Signature,,
2. Page 5\Document_27\Image_05\C_01_W-01-02-03-04_R1111,4,directory,C_01_W-01-02-03-04_R1111,,
2. Page 5\Document_27\Image_05\C_02_W-01-02-03-04_R1111,4,directory,C_02_W-01-02-03-04_R1111,,
2. Page 5\Document_27\Image_05\C_03_W-01-02-03-04_R1111,4,directory,C_03_W-01-02-03-04_R1111,,
2. Page 5\Document_27\Image_05\C_04_W-01-02-03-04_R1111,4,directory,C_04_W-01-02-03-04_R1111,,
2. Page 5\Document_27\Image_05\C_05_Lowercase_Alphabets_a-m,4,directory,C_05_Lowercase_Alphabets_a-m,,
2. Page 5\Document_27\Image_05\C_06_Lowercase_Alphabets_n-z,4,directory,C_06_Lowercase_Alphabets_n-z,,
2. Page 5\Document_27\Image_05\C_07_Uppercase_Alphabets_A-M,4,directory,C_07_Uppercase_Alphabets_A-M,,
2. Page 5\Document_27\Image_05\C_08_Uppercase_Alphabets_N-Z,4,directory,C_08_Uppercase_Alphabets_N-Z,,
2. Page 5\Document_27\Image_05\C_09_Numerics,4,directory,C_09_Numerics,,
2. Page 5\Document_27\Image_05\C_10_Writer_Name_&_Signature,4,directory,C_10_Writer_Name_&_Signature,,
2. Page 5\Document_28\Image_05\C_01_W-01-02-03-04_R1111,4,directory,C_01_W-01-02-03-04_R1111,,
2. Page 5\Document_28\Image_05\C_02_W-01-02-03-04_R1111,4,directory,C_02_W-01-02-03-04_R1111,,
2. Page 5\Document_28\Image_05\C_03_W-01-02-03-04_R1111,4,directory,C_03_W-01-02-03-04_R1111,,
2. Page 5\Document_28\Image_05\C_04_W-01-02-03-04_R1111,4,directory,C_04_W-01-02-03-04_R1111,,
2. Page 5\Document_28\Image_05\C_05_Lowercase_Alphabets_a-m,4,directory,C_05_Lowercase_Alphabets_a-m,,
2. Page 5\Document_28\Image_05\C_06_Lowercase_Alphabets_n-z,4,directory,C_06_Lowercase_Alphabets_n-z,,
2. Page 5\Document_28\Image_05\C_07_Uppercase_Alphabets_A-M,4,directory,C_07_Uppercase_Alphabets_A-M,,
2. Page 5\Document_28\Image_05\C_08_Uppercase_Alphabets_N-Z,4,directory,C_08_Uppercase_Alphabets_N-Z,,
2. Page 5\Document_28\Image_05\C_09_Numerics,4,directory,C_09_Numerics,,
2. Page 5\Document_28\Image_05\C_10_Writer_Name_&_Signature,4,directory,C_10_Writer_Name_&_Signature,,
2. Page 5\Document_29\Image_05\C_01_W-01-02-03-04_R1111,4,directory,C_01_W-01-02-03-04_R1111,,
2. Page 5\Document_29\Image_05\C_02_W-01-02-03-04_R1111,4,directory,C_02_W-01-02-03-04_R1111,,
2. Page 5\Document_29\Image_05\C_03_W-01-02-03-04_R1111,4,directory,C_03_W-01-02-03-04_R1111,,
2. Page 5\Document_29\Image_05\C_04_W-01-02-03-04_R1111,4,directory,C_04_W-01-02-03-04_R1111,,
2. Page 5\Document_29\Image_05\C_05_Lowercase_Alphabets_a-m,4,directory,C_05_Lowercase_Alphabets_a-m,,
2. Page 5\Document_29\Image_05\C_06_Lowercase_Alphabets_n-z,4,directory,C_06_Lowercase_Alphabets_n-z,,
2. Page 5\Document_29\Image_05\C_07_Uppercase_Alphabets_A-M,4,directory,C_07_Uppercase_Alphabets_A-M,,
2. Page 5\Document_29\Image_05\C_08_Uppercase_Alphabets_N-Z,4,directory,C_08_Uppercase_Alphabets_N-Z,,
2. Page 5\Document_29\Image_05\C_09_Numerics,4,directory,C_09_Numerics,,
2. Page 5\Document_29\Image_05\C_10_Writer_Name_&_Signature,4,directory,C_10_Writer_Name_&_Signature,,
2. Page 5\Document_2\Image_05\C_01_W-01-02-03-04_R1111,4,directory,C_01_W-01-02-03-04_R1111,,
2. Page 5\Document_2\Image_05\C_02_W-01-02-03-04_R1111,4,directory,C_02_W-01-02-03-04_R1111,,
2. Page 5\Document_2\Image_05\C_03_W-01-02-03-04_R1111,4,directory,C_03_W-01-02-03-04_R1111,,
2. Page 5\Document_2\Image_05\C_04_W-01-02-03-04_R1111,4,directory,C_04_W-01-02-03-04_R1111,,
2. Page 5\Document_2\Image_05\C_05_Lowercase_Alphabets_a-m,4,directory,C_05_Lowercase_Alphabets_a-m,,
2. Page 5\Document_2\Image_05\C_06_Lowercase_Alphabets_n-z,4,directory,C_06_Lowercase_Alphabets_n-z,,
2. Page 5\Document_2\Image_05\C_07_Uppercase_Alphabets_A-M,4,directory,C_07_Uppercase_Alphabets_A-M,,
2. Page 5\Document_2\Image_05\C_08_Uppercase_Alphabets_N-Z,4,directory,C_08_Uppercase_Alphabets_N-Z,,
2. Page 5\Document_2\Image_05\C_09_Numerics,4,directory,C_09_Numerics,,
2. Page 5\Document_2\Image_05\C_10_Writer_Name_&_Signature,4,directory,C_10_Writer_Name_&_Signature,,
2. Page 5\Document_30\Image_05\C_01_W-01-02-03-04_R1111,4,directory,C_01_W-01-02-03-04_R1111,,
2. Page 5\Document_30\Image_05\C_02_W-01-02-03-04_R1111,4,directory,C_02_W-01-02-03-04_R1111,,
2. Page 5\Document_30\Image_05\C_03_W-01-02-03-04_R1111,4,directory,C_03_W-01-02-03-04_R1111,,
2. Page 5\Document_30\Image_05\C_04_W-01-02-03-04_R1111,4,directory,C_04_W-01-02-03-04_R1111,,
2. Page 5\Document_30\Image_05\C_05_Lowercase_Alphabets_a-m,4,directory,C_05_Lowercase_Alphabets_a-m,,
2. Page 5\Document_30\Image_05\C_06_Lowercase_Alphabets_n-z,4,directory,C_06_Lowercase_Alphabets_n-z,,
2. Page 5\Document_30\Image_05\C_07_Uppercase_Alphabets_A-M,4,directory,C_07_Uppercase_Alphabets_A-M,,
2. Page 5\Document_30\Image_05\C_08_Uppercase_Alphabets_N-Z,4,directory,C_08_Uppercase_Alphabets_N-Z,,
2. Page 5\Document_30\Image_05\C_09_Numerics,4,directory,C_09_Numerics,,
2. Page 5\Document_30\Image_05\C_10_Writer_Name_&_Signature,4,directory,C_10_Writer_Name_&_Signature,,
2. Page 5\Document_31\Image_05\C_01_W-01-02-03-04_R1111,4,directory,C_01_W-01-02-03-04_R1111,,
2. Page 5\Document_31\Image_05\C_02_W-01-02-03-04_R1111,4,directory,C_02_W-01-02-03-04_R1111,,
2. Page 5\Document_31\Image_05\C_03_W-01-02-03-04_R1111,4,directory,C_03_W-01-02-03-04_R1111,,
2. Page 5\Document_31\Image_05\C_04_W-01-02-03-04_R1111,4,directory,C_04_W-01-02-03-04_R1111,,
2. Page 5\Document_31\Image_05\C_05_Lowercase_Alphabets_a-m,4,directory,C_05_Lowercase_Alphabets_a-m,,
2. Page 5\Document_31\Image_05\C_06_Lowercase_Alphabets_n-z,4,directory,C_06_Lowercase_Alphabets_n-z,,
2. Page 5\Document_31\Image_05\C_07_Uppercase_Alphabets_A-M,4,directory,C_07_Uppercase_Alphabets_A-M,,
2. Page 5\Document_31\Image_05\C_08_Uppercase_Alphabets_N-Z,4,directory,C_08_Uppercase_Alphabets_N-Z,,
2. Page 5\Document_31\Image_05\C_09_Numerics,4,directory,C_09_Numerics,,
2. Page 5\Document_31\Image_05\C_10_Writer_Name_&_Signature,4,directory,C_10_Writer_Name_&_Signature,,
2. Page 5\Document_32\Image_05\C_01_W-01-02-03-04_R1111,4,directory,C_01_W-01-02-03-04_R1111,,
2. Page 5\Document_32\Image_05\C_02_W-01-02-03-04_R1111,4,directory,C_02_W-01-02-03-04_R1111,,
2. Page 5\Document_32\Image_05\C_03_W-01-02-03-04_R1111,4,directory,C_03_W-01-02-03-04_R1111,,
2. Page 5\Document_32\Image_05\C_04_W-01-02-03-04_R1111,4,directory,C_04_W-01-02-03-04_R1111,,
2. Page 5\Document_32\Image_05\C_05_Lowercase_Alphabets_a-m,4,directory,C_05_Lowercase_Alphabets_a-m,,
2. Page 5\Document_32\Image_05\C_06_Lowercase_Alphabets_n-z,4,directory,C_06_Lowercase_Alphabets_n-z,,
2. Page 5\Document_32\Image_05\C_07_Uppercase_Alphabets_A-M,4,directory,C_07_Uppercase_Alphabets_A-M,,
2. Page 5\Document_32\Image_05\C_08_Uppercase_Alphabets_N-Z,4,directory,C_08_Uppercase_Alphabets_N-Z,,
2. Page 5\Document_32\Image_05\C_09_Numerics,4,directory,C_09_Numerics,,
2. Page 5\Document_32\Image_05\C_10_Writer_Name_&_Signature,4,directory,C_10_Writer_Name_&_Signature,,
2. Page 5\Document_33\Image_05\C_01_W-01-02-03-04_R1111,4,directory,C_01_W-01-02-03-04_R1111,,
2. Page 5\Document_33\Image_05\C_02_W-01-02-03-04_R1111,4,directory,C_02_W-01-02-03-04_R1111,,
2. Page 5\Document_33\Image_05\C_03_W-01-02-03-04_R1111,4,directory,C_03_W-01-02-03-04_R1111,,
2. Page 5\Document_33\Image_05\C_04_W-01-02-03-04_R1111,4,directory,C_04_W-01-02-03-04_R1111,,
2. Page 5\Document_33\Image_05\C_05_Lowercase_Alphabets_a-m,4,directory,C_05_Lowercase_Alphabets_a-m,,
2. Page 5\Document_33\Image_05\C_06_Lowercase_Alphabets_n-z,4,directory,C_06_Lowercase_Alphabets_n-z,,
2. Page 5\Document_33\Image_05\C_07_Uppercase_Alphabets_A-M,4,directory,C_07_Uppercase_Alphabets_A-M,,
2. Page 5\Document_33\Image_05\C_08_Uppercase_Alphabets_N-Z,4,directory,C_08_Uppercase_Alphabets_N-Z,,
2. Page 5\Document_33\Image_05\C_09_Numerics,4,directory,C_09_Numerics,,
2. Page 5\Document_33\Image_05\C_10_Writer_Name_&_Signature,4,directory,C_10_Writer_Name_&_Signature,,
2. Page 5\Document_34\Image_05\C_01_W-01-02-03-04_R1111,4,directory,C_01_W-01-02-03-04_R1111,,
2. Page 5\Document_34\Image_05\C_02_W-01-02-03-04_R1111,4,directory,C_02_W-01-02-03-04_R1111,,
2. Page 5\Document_34\Image_05\C_03_W-01-02-03-04_R1111,4,directory,C_03_W-01-02-03-04_R1111,,
2. Page 5\Document_34\Image_05\C_04_W-01-02-03-04_R1111,4,directory,C_04_W-01-02-03-04_R1111,,
2. Page 5\Document_34\Image_05\C_05_Lowercase_Alphabets_a-m,4,directory,C_05_Lowercase_Alphabets_a-m,,
2. Page 5\Document_34\Image_05\C_06_Lowercase_Alphabets_n-z,4,directory,C_06_Lowercase_Alphabets_n-z,,
2. Page 5\Document_34\Image_05\C_07_Uppercase_Alphabets_A-M,4,directory,C_07_Uppercase_Alphabets_A-M,,
2. Page 5\Document_34\Image_05\C_08_Uppercase_Alphabets_N-Z,4,directory,C_08_Uppercase_Alphabets_N-Z,,
2. Page 5\Document_34\Image_05\C_09_Numerics,4,directory,C_09_Numerics,,
2. Page 5\Document_34\Image_05\C_10_Writer_Name_&_Signature,4,directory,C_10_Writer_Name_&_Signature,,
2. Page 5\Document_35\Image_05\C_01_W-01-02-03-04_R1111,4,directory,C_01_W-01-02-03-04_R1111,,
2. Page 5\Document_35\Image_05\C_02_W-01-02-03-04_R1111,4,directory,C_02_W-01-02-03-04_R1111,,
2. Page 5\Document_35\Image_05\C_03_W-01-02-03-04_R1111,4,directory,C_03_W-01-02-03-04_R1111,,
2. Page 5\Document_35\Image_05\C_04_W-01-02-03-04_R1111,4,directory,C_04_W-01-02-03-04_R1111,,
2. Page 5\Document_35\Image_05\C_05_Lowercase_Alphabets_a-m,4,directory,C_05_Lowercase_Alphabets_a-m,,
2. Page 5\Document_35\Image_05\C_06_Lowercase_Alphabets_n-z,4,directory,C_06_Lowercase_Alphabets_n-z,,
2. Page 5\Document_35\Image_05\C_07_Uppercase_Alphabets_A-M,4,directory,C_07_Uppercase_Alphabets_A-M,,
2. Page 5\Document_35\Image_05\C_08_Uppercase_Alphabets_N-Z,4,directory,C_08_Uppercase_Alphabets_N-Z,,
2. Page 5\Document_35\Image_05\C_09_Numerics,4,directory,C_09_Numerics,,
2. Page 5\Document_35\Image_05\C_10_Writer_Name_&_Signature,4,directory,C_10_Writer_Name_&_Signature,,
2. Page 5\Document_36\Image_05\C_01_W-01-02-03-04_R1111,4,directory,C_01_W-01-02-03-04_R1111,,
2. Page 5\Document_36\Image_05\C_02_W-01-02-03-04_R1111,4,directory,C_02_W-01-02-03-04_R1111,,
2. Page 5\Document_36\Image_05\C_03_W-01-02-03-04_R1111,4,directory,C_03_W-01-02-03-04_R1111,,
2. Page 5\Document_36\Image_05\C_04_W-01-02-03-04_R1111,4,directory,C_04_W-01-02-03-04_R1111,,
2. Page 5\Document_36\Image_05\C_05_Lowercase_Alphabets_a-m,4,directory,C_05_Lowercase_Alphabets_a-m,,
2. Page 5\Document_36\Image_05\C_06_Lowercase_Alphabets_n-z,4,directory,C_06_Lowercase_Alphabets_n-z,,
2. Page 5\Document_36\Image_05\C_07_Uppercase_Alphabets_A-M,4,directory,C_07_Uppercase_Alphabets_A-M,,
2. Page 5\Document_36\Image_05\C_08_Uppercase_Alphabets_N-Z,4,directory,C_08_Uppercase_Alphabets_N-Z,,
2. Page 5\Document_36\Image_05\C_09_Numerics,4,directory,C_09_Numerics,,
2. Page 5\Document_36\Image_05\C_10_Writer_Name_&_Signature,4,directory,C_10_Writer_Name_&_Signature,,
2. Page 5\Document_37\Image_05\C_01_W-01-02-03-04_R1111,4,directory,C_01_W-01-02-03-04_R1111,,
2. Page 5\Document_37\Image_05\C_02_W-01-02-03-04_R1111,4,directory,C_02_W-01-02-03-04_R1111,,
2. Page 5\Document_37\Image_05\C_03_W-01-02-03-04_R1111,4,directory,C_03_W-01-02-03-04_R1111,,
2. Page 5\Document_37\Image_05\C_04_W-01-02-03-04_R1111,4,directory,C_04_W-01-02-03-04_R1111,,
2. Page 5\Document_37\Image_05\C_05_Lowercase_Alphabets_a-m,4,directory,C_05_Lowercase_Alphabets_a-m,,
2. Page 5\Document_37\Image_05\C_06_Lowercase_Alphabets_n-z,4,directory,C_06_Lowercase_Alphabets_n-z,,
2. Page 5\Document_37\Image_05\C_07_Uppercase_Alphabets_A-M,4,directory,C_07_Uppercase_Alphabets_A-M,,
2. Page 5\Document_37\Image_05\C_08_Uppercase_Alphabets_N-Z,4,directory,C_08_Uppercase_Alphabets_N-Z,,
2. Page 5\Document_37\Image_05\C_09_Numerics,4,directory,C_09_Numerics,,
2. Page 5\Document_37\Image_05\C_10_Writer_Name_&_Signature,4,directory,C_10_Writer_Name_&_Signature,,
2. Page 5\Document_38\Image_05\C_01_W-01-02-03-04_R1111,4,directory,C_01_W-01-02-03-04_R1111,,
2. Page 5\Document_38\Image_05\C_02_W-01-02-03-04_R1111,4,directory,C_02_W-01-02-03-04_R1111,,
2. Page 5\Document_38\Image_05\C_03_W-01-02-03-04_R1111,4,directory,C_03_W-01-02-03-04_R1111,,
2. Page 5\Document_38\Image_05\C_04_W-01-02-03-04_R1111,4,directory,C_04_W-01-02-03-04_R1111,,
2. Page 5\Document_38\Image_05\C_05_Lowercase_Alphabets_a-m,4,directory,C_05_Lowercase_Alphabets_a-m,,
2. Page 5\Document_38\Image_05\C_06_Lowercase_Alphabets_n-z,4,directory,C_06_Lowercase_Alphabets_n-z,,
2. Page 5\Document_38\Image_05\C_07_Uppercase_Alphabets_A-M,4,directory,C_07_Uppercase_Alphabets_A-M,,
2. Page 5\Document_38\Image_05\C_08_Uppercase_Alphabets_N-Z,4,directory,C_08_Uppercase_Alphabets_N-Z,,
2. Page 5\Document_38\Image_05\C_09_Numerics,4,directory,C_09_Numerics,,
2. Page 5\Document_38\Image_05\C_10_Writer_Name_&_Signature,4,directory,C_10_Writer_Name_&_Signature,,
2. Page 5\Document_39\Image_05\C_01_W-01-02-03-04_R1111,4,directory,C_01_W-01-02-03-04_R1111,,
2. Page 5\Document_39\Image_05\C_02_W-01-02-03-04_R1111,4,directory,C_02_W-01-02-03-04_R1111,,
2. Page 5\Document_39\Image_05\C_03_W-01-02-03-04_R1111,4,directory,C_03_W-01-02-03-04_R1111,,
2. Page 5\Document_39\Image_05\C_04_W-01-02-03-04_R1111,4,directory,C_04_W-01-02-03-04_R1111,,
2. Page 5\Document_39\Image_05\C_05_Lowercase_Alphabets_a-m,4,directory,C_05_Lowercase_Alphabets_a-m,,
2. Page 5\Document_39\Image_05\C_06_Lowercase_Alphabets_n-z,4,directory,C_06_Lowercase_Alphabets_n-z,,
2. Page 5\Document_39\Image_05\C_07_Uppercase_Alphabets_A-M,4,directory,C_07_Uppercase_Alphabets_A-M,,
2. Page 5\Document_39\Image_05\C_08_Uppercase_Alphabets_N-Z,4,directory,C_08_Uppercase_Alphabets_N-Z,,
2. Page 5\Document_39\Image_05\C_09_Numerics,4,directory,C_09_Numerics,,
2. Page 5\Document_39\Image_05\C_10_Writer_Name_&_Signature,4,directory,C_10_Writer_Name_&_Signature,,
2. Page 5\Document_3\Image_05\C_01_W-01-02-03-04_R1111,4,directory,C_01_W-01-02-03-04_R1111,,
2. Page 5\Document_3\Image_05\C_02_W-01-02-03-04_R1111,4,directory,C_02_W-01-02-03-04_R1111,,
2. Page 5\Document_3\Image_05\C_03_W-01-02-03-04_R1111,4,directory,C_03_W-01-02-03-04_R1111,,
2. Page 5\Document_3\Image_05\C_04_W-01-02-03-04_R1111,4,directory,C_04_W-01-02-03-04_R1111,,
2. Page 5\Document_3\Image_05\C_05_Lowercase_Alphabets_a-m,4,directory,C_05_Lowercase_Alphabets_a-m,,
2. Page 5\Document_3\Image_05\C_06_Lowercase_Alphabets_n-z,4,directory,C_06_Lowercase_Alphabets_n-z,,
2. Page 5\Document_3\Image_05\C_07_Uppercase_Alphabets_A-M,4,directory,C_07_Uppercase_Alphabets_A-M,,
2. Page 5\Document_3\Image_05\C_08_Uppercase_Alphabets_N-Z,4,directory,C_08_Uppercase_Alphabets_N-Z,,
2. Page 5\Document_3\Image_05\C_09_Numerics,4,directory,C_09_Numerics,,
2. Page 5\Document_3\Image_05\C_10_Writer_Name_&_Signature,4,directory,C_10_Writer_Name_&_Signature,,
2. Page 5\Document_40\Image_05\C_01_W-01-02-03-04_R1111,4,directory,C_01_W-01-02-03-04_R1111,,
2. Page 5\Document_40\Image_05\C_02_W-01-02-03-04_R1111,4,directory,C_02_W-01-02-03-04_R1111,,
2. Page 5\Document_40\Image_05\C_03_W-01-02-03-04_R1111,4,directory,C_03_W-01-02-03-04_R1111,,
2. Page 5\Document_40\Image_05\C_04_W-01-02-03-04_R1111,4,directory,C_04_W-01-02-03-04_R1111,,
2. Page 5\Document_40\Image_05\C_05_Lowercase_Alphabets_a-m,4,directory,C_05_Lowercase_Alphabets_a-m,,
2. Page 5\Document_40\Image_05\C_06_Lowercase_Alphabets_n-z,4,directory,C_06_Lowercase_Alphabets_n-z,,
2. Page 5\Document_40\Image_05\C_07_Uppercase_Alphabets_A-M,4,directory,C_07_Uppercase_Alphabets_A-M,,
2. Page 5\Document_40\Image_05\C_08_Uppercase_Alphabets_N-Z,4,directory,C_08_Uppercase_Alphabets_N-Z,,
2. Page 5\Document_40\Image_05\C_09_Numerics,4,directory,C_09_Numerics,,
2. Page 5\Document_40\Image_05\C_10_Writer_Name_&_Signature,4,directory,C_10_Writer_Name_&_Signature,,
2. Page 5\Document_41\Image_05\C_01_W-01-02-03-04_R1111,4,directory,C_01_W-01-02-03-04_R1111,,
2. Page 5\Document_41\Image_05\C_02_W-01-02-03-04_R1111,4,directory,C_02_W-01-02-03-04_R1111,,
2. Page 5\Document_41\Image_05\C_03_W-01-02-03-04_R1111,4,directory,C_03_W-01-02-03-04_R1111,,
2. Page 5\Document_41\Image_05\C_04_W-01-02-03-04_R1111,4,directory,C_04_W-01-02-03-04_R1111,,
2. Page 5\Document_41\Image_05\C_05_Lowercase_Alphabets_a-m,4,directory,C_05_Lowercase_Alphabets_a-m,,
2. Page 5\Document_41\Image_05\C_06_Lowercase_Alphabets_n-z,4,directory,C_06_Lowercase_Alphabets_n-z,,
2. Page 5\Document_41\Image_05\C_07_Uppercase_Alphabets_A-M,4,directory,C_07_Uppercase_Alphabets_A-M,,
2. Page 5\Document_41\Image_05\C_08_Uppercase_Alphabets_N-Z,4,directory,C_08_Uppercase_Alphabets_N-Z,,
2. Page 5\Document_41\Image_05\C_09_Numerics,4,directory,C_09_Numerics,,
2. Page 5\Document_41\Image_05\C_10_Writer_Name_&_Signature,4,directory,C_10_Writer_Name_&_Signature,,
2. Page 5\Document_42\Image_05\C_01_W-01-02-03-04_R1111,4,directory,C_01_W-01-02-03-04_R1111,,
2. Page 5\Document_42\Image_05\C_02_W-01-02-03-04_R1111,4,directory,C_02_W-01-02-03-04_R1111,,
2. Page 5\Document_42\Image_05\C_03_W-01-02-03-04_R1111,4,directory,C_03_W-01-02-03-04_R1111,,
2. Page 5\Document_42\Image_05\C_04_W-01-02-03-04_R1111,4,directory,C_04_W-01-02-03-04_R1111,,
2. Page 5\Document_42\Image_05\C_05_Lowercase_Alphabets_a-m,4,directory,C_05_Lowercase_Alphabets_a-m,,
2. Page 5\Document_42\Image_05\C_06_Lowercase_Alphabets_n-z,4,directory,C_06_Lowercase_Alphabets_n-z,,
2. Page 5\Document_42\Image_05\C_07_Uppercase_Alphabets_A-M,4,directory,C_07_Uppercase_Alphabets_A-M,,
2. Page 5\Document_42\Image_05\C_08_Uppercase_Alphabets_N-Z,4,directory,C_08_Uppercase_Alphabets_N-Z,,
2. Page 5\Document_42\Image_05\C_09_Numerics,4,directory,C_09_Numerics,,
2. Page 5\Document_42\Image_05\C_10_Writer_Name_&_Signature,4,directory,C_10_Writer_Name_&_Signature,,
2. Page 5\Document_43\Image_05\C_01_W-01-02-03-04_R1111,4,directory,C_01_W-01-02-03-04_R1111,,
2. Page 5\Document_43\Image_05\C_02_W-01-02-03-04_R1111,4,directory,C_02_W-01-02-03-04_R1111,,
2. Page 5\Document_43\Image_05\C_03_W-01-02-03-04_R1111,4,directory,C_03_W-01-02-03-04_R1111,,
2. Page 5\Document_43\Image_05\C_04_W-01-02-03-04_R1111,4,directory,C_04_W-01-02-03-04_R1111,,
2. Page 5\Document_43\Image_05\C_05_Lowercase_Alphabets_a-m,4,directory,C_05_Lowercase_Alphabets_a-m,,
2. Page 5\Document_43\Image_05\C_06_Lowercase_Alphabets_n-z,4,directory,C_06_Lowercase_Alphabets_n-z,,
2. Page 5\Document_43\Image_05\C_07_Uppercase_Alphabets_A-M,4,directory,C_07_Uppercase_Alphabets_A-M,,
2. Page 5\Document_43\Image_05\C_08_Uppercase_Alphabets_N-Z,4,directory,C_08_Uppercase_Alphabets_N-Z,,
2. Page 5\Document_43\Image_05\C_09_Numerics,4,directory,C_09_Numerics,,
2. Page 5\Document_43\Image_05\C_10_Writer_Name_&_Signature,4,directory,C_10_Writer_Name_&_Signature,,
2. Page 5\Document_44\Image_05\C_01_W-01-02-03-04_R1111,4,directory,C_01_W-01-02-03-04_R1111,,
2. Page 5\Document_44\Image_05\C_02_W-01-02-03-04_R1111,4,directory,C_02_W-01-02-03-04_R1111,,
2. Page 5\Document_44\Image_05\C_03_W-01-02-03-04_R1111,4,directory,C_03_W-01-02-03-04_R1111,,
2. Page 5\Document_44\Image_05\C_04_W-01-02-03-04_R1111,4,directory,C_04_W-01-02-03-04_R1111,,
2. Page 5\Document_44\Image_05\C_05_Lowercase_Alphabets_a-m,4,directory,C_05_Lowercase_Alphabets_a-m,,
2. Page 5\Document_44\Image_05\C_06_Lowercase_Alphabets_n-z,4,directory,C_06_Lowercase_Alphabets_n-z,,
2. Page 5\Document_44\Image_05\C_07_Uppercase_Alphabets_A-M,4,directory,C_07_Uppercase_Alphabets_A-M,,
2. Page 5\Document_44\Image_05\C_08_Uppercase_Alphabets_N-Z,4,directory,C_08_Uppercase_Alphabets_N-Z,,
2. Page 5\Document_44\Image_05\C_09_Numerics,4,directory,C_09_Numerics,,
2. Page 5\Document_44\Image_05\C_10_Writer_Name_&_Signature,4,directory,C_10_Writer_Name_&_Signature,,
2. Page 5\Document_45\Image_05\C_01_W-01-02-03-04_R1111,4,directory,C_01_W-01-02-03-04_R1111,,
2. Page 5\Document_45\Image_05\C_02_W-01-02-03-04_R1111,4,directory,C_02_W-01-02-03-04_R1111,,
2. Page 5\Document_45\Image_05\C_03_W-01-02-03-04_R1111,4,directory,C_03_W-01-02-03-04_R1111,,
2. Page 5\Document_45\Image_05\C_04_W-01-02-03-04_R1111,4,directory,C_04_W-01-02-03-04_R1111,,
2. Page 5\Document_45\Image_05\C_05_Lowercase_Alphabets_a-m,4,directory,C_05_Lowercase_Alphabets_a-m,,
2. Page 5\Document_45\Image_05\C_06_Lowercase_Alphabets_n-z,4,directory,C_06_Lowercase_Alphabets_n-z,,
2. Page 5\Document_45\Image_05\C_07_Uppercase_Alphabets_A-M,4,directory,C_07_Uppercase_Alphabets_A-M,,
2. Page 5\Document_45\Image_05\C_08_Uppercase_Alphabets_N-Z,4,directory,C_08_Uppercase_Alphabets_N-Z,,
2. Page 5\Document_45\Image_05\C_09_Numerics,4,directory,C_09_Numerics,,
2. Page 5\Document_45\Image_05\C_10_Writer_Name_&_Signature,4,directory,C_10_Writer_Name_&_Signature,,
2. Page 5\Document_46\Image_05\C_01_W-01-02-03-04_R1111,4,directory,C_01_W-01-02-03-04_R1111,,
2. Page 5\Document_46\Image_05\C_02_W-01-02-03-04_R1111,4,directory,C_02_W-01-02-03-04_R1111,,
2. Page 5\Document_46\Image_05\C_03_W-01-02-03-04_R1111,4,directory,C_03_W-01-02-03-04_R1111,,
2. Page 5\Document_46\Image_05\C_04_W-01-02-03-04_R1111,4,directory,C_04_W-01-02-03-04_R1111,,
2. Page 5\Document_46\Image_05\C_05_Lowercase_Alphabets_a-m,4,directory,C_05_Lowercase_Alphabets_a-m,,
2. Page 5\Document_46\Image_05\C_06_Lowercase_Alphabets_n-z,4,directory,C_06_Lowercase_Alphabets_n-z,,
2. Page 5\Document_46\Image_05\C_07_Uppercase_Alphabets_A-M,4,directory,C_07_Uppercase_Alphabets_A-M,,
2. Page 5\Document_46\Image_05\C_08_Uppercase_Alphabets_N-Z,4,directory,C_08_Uppercase_Alphabets_N-Z,,
2. Page 5\Document_46\Image_05\C_09_Numerics,4,directory,C_09_Numerics,,
2. Page 5\Document_46\Image_05\C_10_Writer_Name_&_Signature,4,directory,C_10_Writer_Name_&_Signature,,
2. Page 5\Document_47\Image_05\C_01_W-01-02-03-04_R1111,4,directory,C_01_W-01-02-03-04_R1111,,
2. Page 5\Document_47\Image_05\C_02_W-01-02-03-04_R1111,4,directory,C_02_W-01-02-03-04_R1111,,
2. Page 5\Document_47\Image_05\C_03_W-01-02-03-04_R1111,4,directory,C_03_W-01-02-03-04_R1111,,
2. Page 5\Document_47\Image_05\C_04_W-01-02-03-04_R1111,4,directory,C_04_W-01-02-03-04_R1111,,
2. Page 5\Document_47\Image_05\C_05_Lowercase_Alphabets_a-m,4,directory,C_05_Lowercase_Alphabets_a-m,,
2. Page 5\Document_47\Image_05\C_06_Lowercase_Alphabets_n-z,4,directory,C_06_Lowercase_Alphabets_n-z,,
2. Page 5\Document_47\Image_05\C_07_Uppercase_Alphabets_A-M,4,directory,C_07_Uppercase_Alphabets_A-M,,
2. Page 5\Document_47\Image_05\C_08_Uppercase_Alphabets_N-Z,4,directory,C_08_Uppercase_Alphabets_N-Z,,
2. Page 5\Document_47\Image_05\C_09_Numerics,4,directory,C_09_Numerics,,
2. Page 5\Document_47\Image_05\C_10_Writer_Name_&_Signature,4,directory,C_10_Writer_Name_&_Signature,,
2. Page 5\Document_48\Image_05\C_01_W-01-02-03-04_R1111,4,directory,C_01_W-01-02-03-04_R1111,,
2. Page 5\Document_48\Image_05\C_02_W-01-02-03-04_R1111,4,directory,C_02_W-01-02-03-04_R1111,,
2. Page 5\Document_48\Image_05\C_03_W-01-02-03-04_R1111,4,directory,C_03_W-01-02-03-04_R1111,,
2. Page 5\Document_48\Image_05\C_04_W-01-02-03-04_R1111,4,directory,C_04_W-01-02-03-04_R1111,,
2. Page 5\Document_48\Image_05\C_05_Lowercase_Alphabets_a-m,4,directory,C_05_Lowercase_Alphabets_a-m,,
2. Page 5\Document_48\Image_05\C_06_Lowercase_Alphabets_n-z,4,directory,C_06_Lowercase_Alphabets_n-z,,
2. Page 5\Document_48\Image_05\C_07_Uppercase_Alphabets_A-M,4,directory,C_07_Uppercase_Alphabets_A-M,,
2. Page 5\Document_48\Image_05\C_08_Uppercase_Alphabets_N-Z,4,directory,C_08_Uppercase_Alphabets_N-Z,,
2. Page 5\Document_48\Image_05\C_09_Numerics,4,directory,C_09_Numerics,,
2. Page 5\Document_48\Image_05\C_10_Writer_Name_&_Signature,4,directory,C_10_Writer_Name_&_Signature,,
2. Page 5\Document_49\Image_05\C_01_W-01-02-03-04_R1111,4,directory,C_01_W-01-02-03-04_R1111,,
2. Page 5\Document_49\Image_05\C_02_W-01-02-03-04_R1111,4,directory,C_02_W-01-02-03-04_R1111,,
2. Page 5\Document_49\Image_05\C_03_W-01-02-03-04_R1111,4,directory,C_03_W-01-02-03-04_R1111,,
2. Page 5\Document_49\Image_05\C_04_W-01-02-03-04_R1111,4,directory,C_04_W-01-02-03-04_R1111,,
2. Page 5\Document_49\Image_05\C_05_Lowercase_Alphabets_a-m,4,directory,C_05_Lowercase_Alphabets_a-m,,
2. Page 5\Document_49\Image_05\C_06_Lowercase_Alphabets_n-z,4,directory,C_06_Lowercase_Alphabets_n-z,,
2. Page 5\Document_49\Image_05\C_07_Uppercase_Alphabets_A-M,4,directory,C_07_Uppercase_Alphabets_A-M,,
2. Page 5\Document_49\Image_05\C_08_Uppercase_Alphabets_N-Z,4,directory,C_08_Uppercase_Alphabets_N-Z,,
2. Page 5\Document_49\Image_05\C_09_Numerics,4,directory,C_09_Numerics,,
2. Page 5\Document_49\Image_05\C_10_Writer_Name_&_Signature,4,directory,C_10_Writer_Name_&_Signature,,
2. Page 5\Document_4\Image_05\C_01_W-01-02-03-04_R1111,4,directory,C_01_W-01-02-03-04_R1111,,
2. Page 5\Document_4\Image_05\C_02_W-01-02-03-04_R1111,4,directory,C_02_W-01-02-03-04_R1111,,
2. Page 5\Document_4\Image_05\C_03_W-01-02-03-04_R1111,4,directory,C_03_W-01-02-03-04_R1111,,
2. Page 5\Document_4\Image_05\C_04_W-01-02-03-04_R1111,4,directory,C_04_W-01-02-03-04_R1111,,
2. Page 5\Document_4\Image_05\C_05_Lowercase_Alphabets_a-m,4,directory,C_05_Lowercase_Alphabets_a-m,,
2. Page 5\Document_4\Image_05\C_06_Lowercase_Alphabets_n-z,4,directory,C_06_Lowercase_Alphabets_n-z,,
2. Page 5\Document_4\Image_05\C_07_Uppercase_Alphabets_A-M,4,directory,C_07_Uppercase_Alphabets_A-M,,
2. Page 5\Document_4\Image_05\C_08_Uppercase_Alphabets_N-Z,4,directory,C_08_Uppercase_Alphabets_N-Z,,
2. Page 5\Document_4\Image_05\C_09_Numerics,4,directory,C_09_Numerics,,
2. Page 5\Document_4\Image_05\C_10_Writer_Name_&_Signature,4,directory,C_10_Writer_Name_&_Signature,,
2. Page 5\Document_50\Image_05\C_01_W-01-02-03-04_R1111,4,directory,C_01_W-01-02-03-04_R1111,,
2. Page 5\Document_50\Image_05\C_02_W-01-02-03-04_R1111,4,directory,C_02_W-01-02-03-04_R1111,,
2. Page 5\Document_50\Image_05\C_03_W-01-02-03-04_R1111,4,directory,C_03_W-01-02-03-04_R1111,,
2. Page 5\Document_50\Image_05\C_04_W-01-02-03-04_R1111,4,directory,C_04_W-01-02-03-04_R1111,,
2. Page 5\Document_50\Image_05\C_05_Lowercase_Alphabets_a-m,4,directory,C_05_Lowercase_Alphabets_a-m,,
2. Page 5\Document_50\Image_05\C_06_Lowercase_Alphabets_n-z,4,directory,C_06_Lowercase_Alphabets_n-z,,
2. Page 5\Document_50\Image_05\C_07_Uppercase_Alphabets_A-M,4,directory,C_07_Uppercase_Alphabets_A-M,,
2. Page 5\Document_50\Image_05\C_08_Uppercase_Alphabets_N-Z,4,directory,C_08_Uppercase_Alphabets_N-Z,,
2. Page 5\Document_50\Image_05\C_09_Numerics,4,directory,C_09_Numerics,,
2. Page 5\Document_50\Image_05\C_10_Writer_Name_&_Signature,4,directory,C_10_Writer_Name_&_Signature,,
2. Page 5\Document_51\Image_05\C_01_W-01-02-03-04_R1111,4,directory,C_01_W-01-02-03-04_R1111,,
2. Page 5\Document_51\Image_05\C_02_W-01-02-03-04_R1111,4,directory,C_02_W-01-02-03-04_R1111,,
2. Page 5\Document_51\Image_05\C_03_W-01-02-03-04_R1111,4,directory,C_03_W-01-02-03-04_R1111,,
2. Page 5\Document_51\Image_05\C_04_W-01-02-03-04_R1111,4,directory,C_04_W-01-02-03-04_R1111,,
2. Page 5\Document_51\Image_05\C_05_Lowercase_Alphabets_a-m,4,directory,C_05_Lowercase_Alphabets_a-m,,
2. Page 5\Document_51\Image_05\C_06_Lowercase_Alphabets_n-z,4,directory,C_06_Lowercase_Alphabets_n-z,,
2. Page 5\Document_51\Image_05\C_07_Uppercase_Alphabets_A-M,4,directory,C_07_Uppercase_Alphabets_A-M,,
2. Page 5\Document_51\Image_05\C_08_Uppercase_Alphabets_N-Z,4,directory,C_08_Uppercase_Alphabets_N-Z,,
2. Page 5\Document_51\Image_05\C_09_Numerics,4,directory,C_09_Numerics,,
2. Page 5\Document_51\Image_05\C_10_Writer_Name_&_Signature,4,directory,C_10_Writer_Name_&_Signature,,
2. Page 5\Document_52\Image_05\C_01_W-01-02-03-04_R1111,4,directory,C_01_W-01-02-03-04_R1111,,
2. Page 5\Document_52\Image_05\C_02_W-01-02-03-04_R1111,4,directory,C_02_W-01-02-03-04_R1111,,
2. Page 5\Document_52\Image_05\C_03_W-01-02-03-04_R1111,4,directory,C_03_W-01-02-03-04_R1111,,
2. Page 5\Document_52\Image_05\C_04_W-01-02-03-04_R1111,4,directory,C_04_W-01-02-03-04_R1111,,
2. Page 5\Document_52\Image_05\C_05_Lowercase_Alphabets_a-m,4,directory,C_05_Lowercase_Alphabets_a-m,,
2. Page 5\Document_52\Image_05\C_06_Lowercase_Alphabets_n-z,4,directory,C_06_Lowercase_Alphabets_n-z,,
2. Page 5\Document_52\Image_05\C_07_Uppercase_Alphabets_A-M,4,directory,C_07_Uppercase_Alphabets_A-M,,
2. Page 5\Document_52\Image_05\C_08_Uppercase_Alphabets_N-Z,4,directory,C_08_Uppercase_Alphabets_N-Z,,
2. Page 5\Document_52\Image_05\C_09_Numerics,4,directory,C_09_Numerics,,
2. Page 5\Document_52\Image_05\C_10_Writer_Name_&_Signature,4,directory,C_10_Writer_Name_&_Signature,,
2. Page 5\Document_53\Image_05\C_01_W-01-02-03-04_R1111,4,directory,C_01_W-01-02-03-04_R1111,,
2. Page 5\Document_53\Image_05\C_02_W-01-02-03-04_R1111,4,directory,C_02_W-01-02-03-04_R1111,,
2. Page 5\Document_53\Image_05\C_03_W-01-02-03-04_R1111,4,directory,C_03_W-01-02-03-04_R1111,,
2. Page 5\Document_53\Image_05\C_04_W-01-02-03-04_R1111,4,directory,C_04_W-01-02-03-04_R1111,,
2. Page 5\Document_53\Image_05\C_05_Lowercase_Alphabets_a-m,4,directory,C_05_Lowercase_Alphabets_a-m,,
2. Page 5\Document_53\Image_05\C_06_Lowercase_Alphabets_n-z,4,directory,C_06_Lowercase_Alphabets_n-z,,
2. Page 5\Document_53\Image_05\C_07_Uppercase_Alphabets_A-M,4,directory,C_07_Uppercase_Alphabets_A-M,,
2. Page 5\Document_53\Image_05\C_08_Uppercase_Alphabets_N-Z,4,directory,C_08_Uppercase_Alphabets_N-Z,,
2. Page 5\Document_53\Image_05\C_09_Numerics,4,directory,C_09_Numerics,,
2. Page 5\Document_53\Image_05\C_10_Writer_Name_&_Signature,4,directory,C_10_Writer_Name_&_Signature,,
2. Page 5\Document_54\Image_05\C_01_W-01-02-03-04_R1111,4,directory,C_01_W-01-02-03-04_R1111,,
2. Page 5\Document_54\Image_05\C_02_W-01-02-03-04_R1111,4,directory,C_02_W-01-02-03-04_R1111,,
2. Page 5\Document_54\Image_05\C_03_W-01-02-03-04_R1111,4,directory,C_03_W-01-02-03-04_R1111,,
2. Page 5\Document_54\Image_05\C_04_W-01-02-03-04_R1111,4,directory,C_04_W-01-02-03-04_R1111,,
2. Page 5\Document_54\Image_05\C_05_Lowercase_Alphabets_a-m,4,directory,C_05_Lowercase_Alphabets_a-m,,
2. Page 5\Document_54\Image_05\C_06_Lowercase_Alphabets_n-z,4,directory,C_06_Lowercase_Alphabets_n-z,,
2. Page 5\Document_54\Image_05\C_07_Uppercase_Alphabets_A-M,4,directory,C_07_Uppercase_Alphabets_A-M,,
2. Page 5\Document_54\Image_05\C_08_Uppercase_Alphabets_N-Z,4,directory,C_08_Uppercase_Alphabets_N-Z,,
2. Page 5\Document_54\Image_05\C_09_Numerics,4,directory,C_09_Numerics,,
2. Page 5\Document_54\Image_05\C_10_Writer_Name_&_Signature,4,directory,C_10_Writer_Name_&_Signature,,
2. Page 5\Document_5\Image_05\C_01_W-01-02-03-04_R1111,4,directory,C_01_W-01-02-03-04_R1111,,
2. Page 5\Document_5\Image_05\C_02_W-01-02-03-04_R1111,4,directory,C_02_W-01-02-03-04_R1111,,
2. Page 5\Document_5\Image_05\C_03_W-01-02-03-04_R1111,4,directory,C_03_W-01-02-03-04_R1111,,
2. Page 5\Document_5\Image_05\C_04_W-01-02-03-04_R1111,4,directory,C_04_W-01-02-03-04_R1111,,
2. Page 5\Document_5\Image_05\C_05_Lowercase_Alphabets_a-m,4,directory,C_05_Lowercase_Alphabets_a-m,,
2. Page 5\Document_5\Image_05\C_06_Lowercase_Alphabets_n-z,4,directory,C_06_Lowercase_Alphabets_n-z,,
2. Page 5\Document_5\Image_05\C_07_Uppercase_Alphabets_A-M,4,directory,C_07_Uppercase_Alphabets_A-M,,
2. Page 5\Document_5\Image_05\C_08_Uppercase_Alphabets_N-Z,4,directory,C_08_Uppercase_Alphabets_N-Z,,
2. Page 5\Document_5\Image_05\C_09_Numerics,4,directory,C_09_Numerics,,
2. Page 5\Document_5\Image_05\C_10_Writer_Name_&_Signature,4,directory,C_10_Writer_Name_&_Signature,,
2. Page 5\Document_6\Image_05\C_01_W-01-02-03-04_R1111,4,directory,C_01_W-01-02-03-04_R1111,,
2. Page 5\Document_6\Image_05\C_02_W-01-02-03-04_R1111,4,directory,C_02_W-01-02-03-04_R1111,,
2. Page 5\Document_6\Image_05\C_03_W-01-02-03-04_R1111,4,directory,C_03_W-01-02-03-04_R1111,,
2. Page 5\Document_6\Image_05\C_04_W-01-02-03-04_R1111,4,directory,C_04_W-01-02-03-04_R1111,,
2. Page 5\Document_6\Image_05\C_05_Lowercase_Alphabets_a-m,4,directory,C_05_Lowercase_Alphabets_a-m,,
2. Page 5\Document_6\Image_05\C_06_Lowercase_Alphabets_n-z,4,directory,C_06_Lowercase_Alphabets_n-z,,
2. Page 5\Document_6\Image_05\C_07_Uppercase_Alphabets_A-M,4,directory,C_07_Uppercase_Alphabets_A-M,,
2. Page 5\Document_6\Image_05\C_08_Uppercase_Alphabets_N-Z,4,directory,C_08_Uppercase_Alphabets_N-Z,,
2. Page 5\Document_6\Image_05\C_09_Numerics,4,directory,C_09_Numerics,,
2. Page 5\Document_6\Image_05\C_10_Writer_Name_&_Signature,4,directory,C_10_Writer_Name_&_Signature,,
2. Page 5\Document_7\Image_05\C_01_W-01-02-03-04_R1111,4,directory,C_01_W-01-02-03-04_R1111,,
2. Page 5\Document_7\Image_05\C_02_W-01-02-03-04_R1111,4,directory,C_02_W-01-02-03-04_R1111,,
2. Page 5\Document_7\Image_05\C_03_W-01-02-03-04_R1111,4,directory,C_03_W-01-02-03-04_R1111,,
2. Page 5\Document_7\Image_05\C_04_W-01-02-03-04_R1111,4,directory,C_04_W-01-02-03-04_R1111,,
2. Page 5\Document_7\Image_05\C_05_Lowercase_Alphabets_a-m,4,directory,C_05_Lowercase_Alphabets_a-m,,
2. Page 5\Document_7\Image_05\C_06_Lowercase_Alphabets_n-z,4,directory,C_06_Lowercase_Alphabets_n-z,,
2. Page 5\Document_7\Image_05\C_07_Uppercase_Alphabets_A-M,4,directory,C_07_Uppercase_Alphabets_A-M,,
2. Page 5\Document_7\Image_05\C_08_Uppercase_Alphabets_N-Z,4,directory,C_08_Uppercase_Alphabets_N-Z,,
2. Page 5\Document_7\Image_05\C_09_Numerics,4,directory,C_09_Numerics,,
2. Page 5\Document_7\Image_05\C_10_Writer_Name_&_Signature,4,directory,C_10_Writer_Name_&_Signature,,
2. Page 5\Document_8\Image_05\C_01_W-01-02-03-04_R1111,4,directory,C_01_W-01-02-03-04_R1111,,
2. Page 5\Document_8\Image_05\C_02_W-01-02-03-04_R1111,4,directory,C_02_W-01-02-03-04_R1111,,
2. Page 5\Document_8\Image_05\C_03_W-01-02-03-04_R1111,4,directory,C_03_W-01-02-03-04_R1111,,
2. Page 5\Document_8\Image_05\C_04_W-01-02-03-04_R1111,4,directory,C_04_W-01-02-03-04_R1111,,
2. Page 5\Document_8\Image_05\C_05_Lowercase_Alphabets_a-m,4,directory,C_05_Lowercase_Alphabets_a-m,,
2. Page 5\Document_8\Image_05\C_06_Lowercase_Alphabets_n-z,4,directory,C_06_Lowercase_Alphabets_n-z,,
2. Page 5\Document_8\Image_05\C_07_Uppercase_Alphabets_A-M,4,directory,C_07_Uppercase_Alphabets_A-M,,
2. Page 5\Document_8\Image_05\C_08_Uppercase_Alphabets_N-Z,4,directory,C_08_Uppercase_Alphabets_N-Z,,
2. Page 5\Document_8\Image_05\C_09_Numerics,4,directory,C_09_Numerics,,
2. Page 5\Document_8\Image_05\C_10_Writer_Name_&_Signature,4,directory,C_10_Writer_Name_&_Signature,,
2. Page 5\Document_9\Image_05\C_01_W-01-02-03-04_R1111,4,directory,C_01_W-01-02-03-04_R1111,,
2. Page 5\Document_9\Image_05\C_02_W-01-02-03-04_R1111,4,directory,C_02_W-01-02-03-04_R1111,,
2. Page 5\Document_9\Image_05\C_03_W-01-02-03-04_R1111,4,directory,C_03_W-01-02-03-04_R1111,,
2. Page 5\Document_9\Image_05\C_04_W-01-02-03-04_R1111,4,directory,C_04_W-01-02-03-04_R1111,,
2. Page 5\Document_9\Image_05\C_05_Lowercase_Alphabets_a-m,4,directory,C_05_Lowercase_Alphabets_a-m,,
2. Page 5\Document_9\Image_05\C_06_Lowercase_Alphabets_n-z,4,directory,C_06_Lowercase_Alphabets_n-z,,
2. Page 5\Document_9\Image_05\C_07_Uppercase_Alphabets_A-M,4,directory,C_07_Uppercase_Alphabets_A-M,,
2. Page 5\Document_9\Image_05\C_08_Uppercase_Alphabets_N-Z,4,directory,C_08_Uppercase_Alphabets_N-Z,,
2. Page 5\Document_9\Image_05\C_09_Numerics,4,directory,C_09_Numerics,,
2. Page 5\Document_9\Image_05\C_10_Writer_Name_&_Signature,4,directory,C_10_Writer_Name_&_Signature,,
Pages 1 and 2\Document_10\Image_01\Pen_1,4,directory,Pen_1,,
Pages 1 and 2\Document_10\Image_01\Pen_2,4,directory,Pen_2,,
Pages 1 and 2\Document_10\Image_01\Pen_3,4,directory,Pen_3,,
Pages 1 and 2\Document_10\Image_01\Pen_4,4,directory,Pen_4,,
Pages 1 and 2\Document_10\Image_01\Pen_5,4,directory,Pen_5,,
Pages 1 and 2\Document_10\Image_01\Pen_6,4,directory,Pen_6,,
Pages 1 and 2\Document_10\Image_02\Pen_10,4,directory,Pen_10,,
Pages 1 and 2\Document_10\Image_02\Pen_11,4,directory,Pen_11,,
Pages 1 and 2\Document_10\Image_02\Pen_12,4,directory,Pen_12,,
Pages 1 and 2\Document_10\Image_02\Pen_7,4,directory,Pen_7,,
Pages 1 and 2\Document_10\Image_02\Pen_8,4,directory,Pen_8,,
Pages 1 and 2\Document_10\Image_02\Pen_9,4,directory,Pen_9,,
Pages 1 and 2\Document_11\Image_01\Pen_1,4,directory,Pen_1,,
Pages 1 and 2\Document_11\Image_01\Pen_2,4,directory,Pen_2,,
Pages 1 and 2\Document_11\Image_01\Pen_3,4,directory,Pen_3,,
Pages 1 and 2\Document_11\Image_01\Pen_4,4,directory,Pen_4,,
Pages 1 and 2\Document_11\Image_01\Pen_5,4,directory,Pen_5,,
Pages 1 and 2\Document_11\Image_01\Pen_6,4,directory,Pen_6,,
Pages 1 and 2\Document_11\Image_02\Pen_10,4,directory,Pen_10,,
Pages 1 and 2\Document_11\Image_02\Pen_11,4,directory,Pen_11,,
Pages 1 and 2\Document_11\Image_02\Pen_12,4,directory,Pen_12,,
Pages 1 and 2\Document_11\Image_02\Pen_7,4,directory,Pen_7,,
Pages 1 and 2\Document_11\Image_02\Pen_8,4,directory,Pen_8,,
Pages 1 and 2\Document_11\Image_02\Pen_9,4,directory,Pen_9,,
Pages 1 and 2\Document_12\Image_01\Pen_1,4,directory,Pen_1,,
Pages 1 and 2\Document_12\Image_01\Pen_2,4,directory,Pen_2,,
Pages 1 and 2\Document_12\Image_01\Pen_3,4,directory,Pen_3,,
Pages 1 and 2\Document_12\Image_01\Pen_4,4,directory,Pen_4,,
Pages 1 and 2\Document_12\Image_01\Pen_5,4,directory,Pen_5,,
Pages 1 and 2\Document_12\Image_01\Pen_6,4,directory,Pen_6,,
Pages 1 and 2\Document_12\Image_02\Pen_10,4,directory,Pen_10,,
Pages 1 and 2\Document_12\Image_02\Pen_11,4,directory,Pen_11,,
Pages 1 and 2\Document_12\Image_02\Pen_12,4,directory,Pen_12,,
Pages 1 and 2\Document_12\Image_02\Pen_7,4,directory,Pen_7,,
Pages 1 and 2\Document_12\Image_02\Pen_8,4,directory,Pen_8,,
